codigo,descripcion,precio_unitario,proveedor
1040000000D0012,Bulon G2 Hex UNC 1/4 1/2,34.32133899432,fleb
1040000000D0016,Bulon G2 Hex UNC 1/4 5/8,36.297194330880004,fleb
1040000000D0019,Bulon G2 Hex UNC 1/4 3/4,37.175352258240004,fleb
1040000000D0022,Bulon G2 Hex UNC 1/4 7/8,41.93204103144,fleb
1040000000D0025,Bulon G2 Hex UNC 1/4 1,44.932413949920004,fleb
1040000000D0032,Bulon G2 Hex UNC 1/4 1 1/4,52.689475641600005,fleb
1040000000D0038,Bulon G2 Hex UNC 1/4 1 1/2,61.617414569759994,fleb
1040000000D0044,Bulon G2 Hex UNC 1/4 1 3/4,70.22819664212211,fleb
1040000000D0050,Bulon G2 Hex UNC 1/4 2,79.10739328968,fleb
1040000000D0056,Bulon G2 Hex UNC 1/4 2 1/4,91.03570513631999,fleb
1040000000D0063,Bulon G2 Hex UNC 1/4 2 1/2,98.35368786432,fleb
1040000000D0070,Bulon G2 Hex UNC 1/4 2 3/4,107.11900495408,fleb
1040000000D0076,Bulon G2 Hex UNC 1/4 3,116.13638589336,fleb
1040000000D0082,Bulon G2 Hex UNC 1/4 3 1/4,124.84478533968,fleb
1040000000D0090,Bulon G2 Hex UNC 1/4 3 1/2,133.91908392240003,fleb
1040000000D0100,Bulon G2 Hex UNC 1/4 4,154.33625573352003,fleb
1040000000D0110,Bulon G2 Hex UNC 1/4 4 1/2,175.99748460840004,fleb
1040000000D0125,Bulon G2 Hex UNC 1/4 5,190.56027023712,fleb
1040000000D0140,Bulon G2 Hex UNC 1/4 5 1/2,208.67304417705887,fleb
1040000000D0155,Bulon G2 Hex UNC 1/4 6,181.42865449359812,fleb
1040000000E0012,Bulon G2 Hex UNC 5/16 1/2,54.07989235992,fleb
1040000000E0016,Bulon G2 Hex UNC 5/16 5/8,57.958423205760006,fleb
1040000000E0019,Bulon G2 Hex UNC 5/16 3/4,58.98294078768,fleb
1040000000E0022,Bulon G2 Hex UNC 5/16 7/8,65.34958576104,fleb
1040000000E0025,Bulon G2 Hex UNC 5/16 1,69.22811660688,fleb
1040000000E0032,Bulon G2 Hex UNC 5/16 1 1/4,82.40048551728002,fleb
1040000000E0038,Bulon G2 Hex UNC 5/16 1 1/2,93.81653857296001,fleb
1040000000E0044,Bulon G2 Hex UNC 5/16 1 3/4,109.0379426472,fleb
1040000000E0050,Bulon G2 Hex UNC 5/16 2,119.79537725736002,fleb
1040000000E0056,Bulon G2 Hex UNC 5/16 2 1/4,132.55308203819243,fleb
1040000000E0063,Bulon G2 Hex UNC 5/16 2 1/2,151.26270298776,fleb
1040000000E0070,Bulon G2 Hex UNC 5/16 2 3/4,161.43469897967998,fleb
1040000000E0076,Bulon G2 Hex UNC 5/16 3,174.60706789008003,fleb
1040000000E0082,Bulon G2 Hex UNC 5/16 3 1/4,202.38173953593122,fleb
1040000000E0090,Bulon G2 Hex UNC 5/16 3 1/2,200.80544605632,fleb
1040000000E0100,Bulon G2 Hex UNC 5/16 4,227.2233637044,fleb
1040000000E0110,Bulon G2 Hex UNC 5/16 4 1/2,253.5681015252,fleb
1040000000E0125,Bulon G2 Hex UNC 5/16 5,279.76647969144,fleb
1040000000E0140,Bulon G2 Hex UNC 5/16 5 1/2,306.18497555746535,fleb
1040000000E0155,Bulon G2 Hex UNC 5/16 6,332.3338949350619,fleb
1040000000E0175,Bulon G2 Hex UNC 5/16 7,422.37200911197607,fleb
1040000000E0200,Bulon G2 Hex UNC 5/16 8,453.93446861784,fleb
1040000000F0012,Bulon G2 Hex UNC 3/8 1/2,82.18094603544002,fleb
1040000000F0016,Bulon G2 Hex UNC 3/8 5/8,94.95273026819461,fleb
1040000000F0019,Bulon G2 Hex UNC 3/8 3/4,100.52897850000001,fleb
1040000000F0022,Bulon G2 Hex UNC 3/8 7/8,109.27062880434782,fleb
1040000000F0025,Bulon G2 Hex UNC 3/8 1,102.01267922832001,fleb
1040000000F0032,Bulon G2 Hex UNC 3/8 1 1/4,118.91721933000001,fleb
1040000000F0038,Bulon G2 Hex UNC 3/8 1 1/2,135.38268046800002,fleb
1040000000F0044,Bulon G2 Hex UNC 3/8 1 3/4,154.11671625168,fleb
1040000000F0050,Bulon G2 Hex UNC 3/8 2,172.55803272624,fleb
1040000000F0056,Bulon G2 Hex UNC 3/8 2 1/4,194.95105987392003,fleb
1040000000F0063,Bulon G2 Hex UNC 3/8 2 1/2,213.75827548488004,fleb
1040000000F0070,Bulon G2 Hex UNC 3/8 2 3/4,232.84768757409478,fleb
1040000000F0076,Bulon G2 Hex UNC 3/8 3,251.88496549776005,fleb
1040000000F0082,Bulon G2 Hex UNC 3/8 3 1/4,270.7008586824173,fleb
1040000000F0090,Bulon G2 Hex UNC 3/8 3 1/2,289.7863205373417,fleb
1040000000F0100,Bulon G2 Hex UNC 3/8 4,327.69926655984005,fleb
1040000000F0110,Bulon G2 Hex UNC 3/8 4 1/2,365.53323726360003,fleb
1040000000F0125,Bulon G2 Hex UNC 3/8 5,411.70970827728,fleb
1040000000F0140,Bulon G2 Hex UNC 3/8 5 1/2,360.5265558746636,fleb
1040000000F0155,Bulon G2 Hex UNC 3/8 6,489.0565615426268,fleb
1040000000F0175,Bulon G2 Hex UNC 3/8 7,557.931568859991,fleb
1040000000F0200,Bulon G2 Hex UNC 3/8 8,643.32386161848,fleb
1040000000G0022,Bulon G2 Hex UNC 7/16 7/8,107.59007430328407,fleb
1040000000G0025,Bulon G2 Hex UNC 7/16 1,144.74969835984,fleb
1040000000G0032,Bulon G2 Hex UNC 7/16 1 1/4,165.27390932130984,fleb
1040000000G0038,Bulon G2 Hex UNC 7/16 1 1/2,191.21888868264,fleb
1040000000G0044,Bulon G2 Hex UNC 7/16 1 3/4,234.10812185490246,fleb
1040000000G0050,Bulon G2 Hex UNC 7/16 2,261.99196763414636,fleb
1040000000G0056,Bulon G2 Hex UNC 7/16 2 1/4,231.9006507307123,fleb
1040000000G0063,Bulon G2 Hex UNC 7/16 2 1/2,317.75965919263433,fleb
1040000000G0070,Bulon G2 Hex UNC 7/16 2 3/4,276.51480397750265,fleb
1040000000G0076,Bulon G2 Hex UNC 7/16 3,346.65284182536,fleb
1040000000G0082,Bulon G2 Hex UNC 7/16 3 1/4,373.60873932344396,fleb
1040000000G0090,Bulon G2 Hex UNC 7/16 3 1/2,398.40816502168127,fleb
1040000000G0100,Bulon G2 Hex UNC 7/16 4,450.16348821800256,fleb
1040000000G0110,Bulon G2 Hex UNC 7/16 4 1/2,502.9970473142472,fleb
1040000000G0125,Bulon G2 Hex UNC 7/16 5,553.8897817906295,fleb
1040000000G0140,Bulon G2 Hex UNC 7/16 5 1/2,484.6023428615544,fleb
1040000000G0155,Bulon G2 Hex UNC 7/16 6,671.49809512128,fleb
1040000000H0019,Bulon G2 Hex UNC 1/2 3/4,201.67567746933923,fleb
1040000000H0022,Bulon G2 Hex UNC 1/2 7/8,219.57068858937316,fleb
1040000000H0025,Bulon G2 Hex UNC 1/2 1,229.5611549201896,fleb
1040000000H0032,Bulon G2 Hex UNC 1/2 1 1/4,257.44663237104004,fleb
1040000000H0038,Bulon G2 Hex UNC 1/2 1 1/2,294.47562497472006,fleb
1040000000H0044,Bulon G2 Hex UNC 1/2 1 3/4,329.60194206912007,fleb
1040000000H0050,Bulon G2 Hex UNC 1/2 2,357.33709660824,fleb
1040000000H0056,Bulon G2 Hex UNC 1/2 2 1/4,422.6567809344774,fleb
1040000000H0063,Bulon G2 Hex UNC 1/2 2 1/2,434.76135387048004,fleb
1040000000H0070,Bulon G2 Hex UNC 1/2 2 3/4,469.43694697005833,fleb
1040000000H0076,Bulon G2 Hex UNC 1/2 3,566.4394679368659,fleb
1040000000H0082,Bulon G2 Hex UNC 1/2 3 1/4,580.5384970053314,fleb
1040000000H0090,Bulon G2 Hex UNC 1/2 3 1/2,619.2620359791343,fleb
1040000000H0100,Bulon G2 Hex UNC 1/2 4,645.66561609144,fleb
1040000000H0110,Bulon G2 Hex UNC 1/2 4 1/2,715.77189062568,fleb
1040000000H0125,Bulon G2 Hex UNC 1/2 5,785.8357013760401,fleb
1040000000H0140,Bulon G2 Hex UNC 1/2 5 1/2,684.7196097011204,fleb
1040000000H0155,Bulon G2 Hex UNC 1/2 6,925.724815092,fleb
1040000000H0175,Bulon G2 Hex UNC 1/2 7,1035.2763897593645,fleb
1040000000H0200,Bulon G2 Hex UNC 1/2 8,915.6382250970511,fleb
1040000000H0225,Bulon G2 Hex UNC 1/2 9,1051.0675067625684,fleb
1040000000H0250,Bulon G2 Hex UNC 1/2 10,1453.1413986056752,fleb
1040000000H0275,Bulon G2 Hex UNC 1/2 11,1625.0617214084755,fleb
1040000000H0300,Bulon G2 Hex UNC 1/2 12,1793.1715546576272,fleb
1040000000J0025,Bulon G2 Hex UNC 5/8 1,378.5592465194399,fleb
1040000000J0032,Bulon G2 Hex UNC 5/8 1 1/4,422.5777635565841,fleb
1040000000J0038,Bulon G2 Hex UNC 5/8 1 1/2,466.59457873727996,fleb
1040000000J0044,Bulon G2 Hex UNC 5/8 1 3/4,544.6233013728529,fleb
1040000000J0050,Bulon G2 Hex UNC 5/8 2,557.92300318272,fleb
1040000000J0056,Bulon G2 Hex UNC 5/8 2 1/4,623.2725889437602,fleb
1040000000J0063,Bulon G2 Hex UNC 5/8 2 1/2,674.5716478670402,fleb
1040000000J0070,Bulon G2 Hex UNC 5/8 2 3/4,731.0664745272001,fleb
1040000000J0076,Bulon G2 Hex UNC 5/8 3,784.4877484415999,fleb
1040000000J0082,Bulon G2 Hex UNC 5/8 3 1/4,838.1218242238425,fleb
1040000000J0090,Bulon G2 Hex UNC 5/8 3 1/2,892.030946548558,fleb
1040000000J0100,Bulon G2 Hex UNC 5/8 4,1000.2950590903198,fleb
1040000000J0110,Bulon G2 Hex UNC 5/8 4 1/2,1107.3571464009601,fleb
1040000000J0125,Bulon G2 Hex UNC 5/8 5,1214.627212743825,fleb
1040000000J0140,Bulon G2 Hex UNC 5/8 5 1/2,1322.43265877688,fleb
1040000000J0155,Bulon G2 Hex UNC 5/8 6,1430.73880315128,fleb
1040000000J0175,Bulon G2 Hex UNC 5/8 7,1316.7861551126823,fleb
1040000000J0200,Bulon G2 Hex UNC 5/8 8,1862.13388496688,fleb
1040000000J0225,Bulon G2 Hex UNC 5/8 9,2077.7030072904636,fleb
1040000000J0250,Bulon G2 Hex UNC 5/8 10,2292.831518224526,fleb
1040000000J0275,Bulon G2 Hex UNC 5/8 11,2500.469635536716,fleb
1040000000J0300,Bulon G2 Hex UNC 5/8 12,2766.34383083856,fleb
1040000000K0025,Bulon G2 Hex UNC 3/4 1,488.66561464492816,fleb
1040000000K0032,Bulon G2 Hex UNC 3/4 1 1/4,675.8258669627215,fleb
1040000000K0038,Bulon G2 Hex UNC 3/4 1 1/2,740.43349241904,fleb
1040000000K0044,Bulon G2 Hex UNC 3/4 1 3/4,805.393456809707,fleb
1040000000K0050,Bulon G2 Hex UNC 3/4 2,858.7652731308001,fleb
1040000000K0056,Bulon G2 Hex UNC 3/4 2 1/4,934.7765119954846,fleb
1040000000K0063,Bulon G2 Hex UNC 3/4 2 1/2,1010.8329542186401,fleb
1040000000K0070,Bulon G2 Hex UNC 3/4 2 3/4,1109.0402824284001,fleb
1040000000K0076,Bulon G2 Hex UNC 3/4 3,1187.4158774452799,fleb
1040000000K0082,Bulon G2 Hex UNC 3/4 3 1/4,1267.7880230674457,fleb
1040000000K0090,Bulon G2 Hex UNC 3/4 3 1/2,1342.70347093344,fleb
1040000000K0100,Bulon G2 Hex UNC 3/4 4,1492.2830378937601,fleb
1040000000K0110,Bulon G2 Hex UNC 3/4 4 1/2,1652.5468596369599,fleb
1040000000K0125,Bulon G2 Hex UNC 3/4 5,1446.1435368221178,fleb
1040000000K0140,Bulon G2 Hex UNC 3/4 5 1/2,1923.45858022752,fleb
1040000000K0155,Bulon G2 Hex UNC 3/4 6,1664.1158503092029,fleb
1040000000K0175,Bulon G2 Hex UNC 3/4 7,2384.8725205405267,fleb
1040000000K0200,Bulon G2 Hex UNC 3/4 8,2902.75102888848,fleb
1040000000K0225,Bulon G2 Hex UNC 3/4 9,3232.0365865448334,fleb
1040000000K0250,Bulon G2 Hex UNC 3/4 10,3677.4326804745597,fleb
1040000000K0275,Bulon G2 Hex UNC 3/4 11,4124.910160842773,fleb
1040000000K0300,Bulon G2 Hex UNC 3/4 12,4377.824360485688,fleb
1010000000C0019,Bulon Cab. Redonda 3/16 3/4,30.517348874999996,fleb
1010000000D0019,Bulon Cab. Redonda 1/4 3/4,41.93204103144,fleb
1010000000D0025,Bulon Cab. Redonda 1/4 1,48.518225486640006,fleb
1010000000D0032,Bulon Cab. Redonda 1/4 1 1/4,55.397129250960006,fleb
1010000000D0038,Bulon Cab. Redonda 1/4 1 1/2,62.27603301528,fleb
1010000000D0044,Bulon Cab. Redonda 1/4 1 3/4,69.1024443265703,fleb
1010000000D0050,Bulon Cab. Redonda 1/4 2,75.98873643883684,fleb
1010000000D0056,Bulon Cab. Redonda 1/4 2 1/4,82.87502855110338,fleb
1010000000D0063,Bulon Cab. Redonda 1/4 2 1/2,89.76132066336991,fleb
1010000000D0070,Bulon Cab. Redonda 1/4 2 3/4,96.58773197466022,fleb
1010000000D0076,Bulon Cab. Redonda 1/4 3,103.62263542848001,fleb
1010000000D0082,Bulon Cab. Redonda 1/4 3 1/4,109.33066195632,fleb
1010000000D0090,Bulon Cab. Redonda 1/4 3 1/2,116.72270235031328,fleb
1010000000D0100,Bulon Cab. Redonda 1/4 4,130.37413178760735,fleb
1010000000D0110,Bulon Cab. Redonda 1/4 4 1/2,137.2296531207463,fleb
1010000000D0125,Bulon Cab. Redonda 1/4 5,157.70252778840003,fleb
1010000000D0140,Bulon Cab. Redonda 1/4 5 1/2,172.41167307168,fleb
1010000000D0155,Bulon Cab. Redonda 1/4 6,186.09630077303999,fleb
1010000000E0025,Bulon Cab. Redonda 5/16 1,77.71697657135998,fleb
1010000000E0032,Bulon Cab. Redonda 5/16 1 1/4,90.81616565448002,fleb
1010000000E0038,Bulon Cab. Redonda 5/16 1 1/2,102.21247252789652,fleb
1010000000E0044,Bulon Cab. Redonda 5/16 1 3/4,111.37969712016,fleb
1010000000E0050,Bulon Cab. Redonda 5/16 2,129.96737324928003,fleb
1010000000E0056,Bulon Cab. Redonda 5/16 2 1/4,136.55355770448,fleb
1010000000E0063,Bulon Cab. Redonda 5/16 2 1/2,156.75119003376003,fleb
1010000000E0070,Bulon Cab. Redonda 5/16 2 3/4,156.16575141552,fleb
1010000000E0076,Bulon Cab. Redonda 5/16 3,167.43544481663997,fleb
1010000000E0082,Bulon Cab. Redonda 5/16 3 1/4,178.5587785632,fleb
1010000000E0090,Bulon Cab. Redonda 5/16 3 1/2,189.82847196432002,fleb
1010000000E0100,Bulon Cab. Redonda 5/16 4,212.14831928471997,fleb
1010000000E0110,Bulon Cab. Redonda 5/16 4 1/2,233.29728936863998,fleb
1010000000E0125,Bulon Cab. Redonda 5/16 5,235.05360522335997,fleb
1010000000E0140,Bulon Cab. Redonda 5/16 5 1/2,279.32740072776005,fleb
1010000000E0155,Bulon Cab. Redonda 5/16 6,326.30884984151993,fleb
1010000000E0175,Bulon Cab. Redonda 5/16 7,346.57966199808004,fleb
1010000000E0200,Bulon Cab. Redonda 5/16 8,389.3166811296001,fleb
1010000000E0225,Bulon Cab. Redonda 5/16 9,437.1587250121728,fleb
1010000000E0250,Bulon Cab. Redonda 5/16 10,620.41857567984,fleb
1010000000F0025,Bulon Cab. Redonda 3/8 1,122.42985103944,fleb
1010000000F0032,Bulon Cab. Redonda 3/8 1 1/4,140.94434734128004,fleb
1010000000F0038,Bulon Cab. Redonda 3/8 1 1/2,157.04390934287997,fleb
1010000000F0044,Bulon Cab. Redonda 3/8 1 3/4,179.61029452800003,fleb
1010000000F0050,Bulon Cab. Redonda 3/8 2,185.21814284567998,fleb
1010000000F0056,Bulon Cab. Redonda 3/8 2 1/4,200.95180571088,fleb
1010000000F0063,Bulon Cab. Redonda 3/8 2 1/2,210.9067914776632,fleb
1010000000F0070,Bulon Cab. Redonda 3/8 2 3/4,232.3794642653177,fleb
1010000000F0076,Bulon Cab. Redonda 3/8 3,248.00643465192002,fleb
1010000000F0082,Bulon Cab. Redonda 3/8 3 1/4,263.8132773444,fleb
1010000000F0090,Bulon Cab. Redonda 3/8 3 1/2,278.01016383672004,fleb
1010000000F0100,Bulon Cab. Redonda 3/8 4,310.8679062854399,fleb
1010000000F0110,Bulon Cab. Redonda 3/8 4 1/2,349.21413578016006,fleb
1010000000F0125,Bulon Cab. Redonda 3/8 5,373.65619809168004,fleb
1010000000F0140,Bulon Cab. Redonda 3/8 5 1/2,401.0254534944,fleb
1010000000F0155,Bulon Cab. Redonda 3/8 6,445.29924899879995,fleb
1010000000F0175,Bulon Cab. Redonda 3/8 7,496.6714877493601,fleb
1010000000F0200,Bulon Cab. Redonda 3/8 8,559.0938804192001,fleb
1010000000F0225,Bulon Cab. Redonda 3/8 9,624.8825451439201,fleb
1010000000F0250,Bulon Cab. Redonda 3/8 10,687.5976571228799,fleb
1010000000G0038,Bulon Cab. Redonda 7/16 1 1/2,209.51384550263995,fleb
1010000000G0050,Bulon Cab. Redonda 7/16 2,252.5741496611937,fleb
1010000000G0056,Bulon Cab. Redonda 7/16 2 1/4,296.90774238357534,fleb
1010000000G0063,Bulon Cab. Redonda 7/16 2 1/2,307.7157676878103,fleb
1010000000G0070,Bulon Cab. Redonda 7/16 2 3/4,317.6565582986849,fleb
1010000000G0076,Bulon Cab. Redonda 7/16 3,270.90950498031964,fleb
1010000000G0090,Bulon Cab. Redonda 7/16 3 1/2,383.3177344651891,fleb
1010000000G0100,Bulon Cab. Redonda 7/16 4,425.2783803186184,fleb
1010000000G0110,Bulon Cab. Redonda 7/16 4 1/2,469.90135680550657,fleb
1010000000G0125,Bulon Cab. Redonda 7/16 5,511.91987941183726,fleb
1010000000G0140,Bulon Cab. Redonda 7/16 5 1/2,554.8494504369598,fleb
1010000000G0155,Bulon Cab. Redonda 7/16 6,598.53780732312,fleb
1010000000G0175,Bulon Cab. Redonda 7/16 7,682.5715431801274,fleb
1010000000G0250,Bulon Cab. Redonda 7/16 10,934.3255039087651,fleb
1010000000G0275,Bulon Cab. Redonda 7/16 11,1018.1856163445806,fleb
1010000000H0038,Bulon Cab. Redonda 1/2 1 1/2,306.6234763032,fleb
1010000000H0050,Bulon Cab. Redonda 1/2 2,426.49203338783997,fleb
1010000000H0063,Bulon Cab. Redonda 1/2 2 1/2,437.02992851616006,fleb
1010000000H0070,Bulon Cab. Redonda 1/2 2 3/4,467.7490528934138,fleb
1010000000H0076,Bulon Cab. Redonda 1/2 3,498.4681772706679,fleb
1010000000H0090,Bulon Cab. Redonda 1/2 3 1/2,559.9064260251755,fleb
1010000000H0100,Bulon Cab. Redonda 1/2 4,606.3680488420799,fleb
1010000000H0110,Bulon Cab. Redonda 1/2 4 1/2,666.2291475571202,fleb
1010000000H0125,Bulon Cab. Redonda 1/2 5,785.4390861962399,fleb
1010000000H0140,Bulon Cab. Redonda 1/2 5 1/2,786.1708844690402,fleb
1010000000H0155,Bulon Cab. Redonda 1/2 6,846.1229698068096,fleb
1010000000H0175,Bulon Cab. Redonda 1/2 7,1049.32554336792,fleb
1010000000H0200,Bulon Cab. Redonda 1/2 8,1179.5687878624453,fleb
1020000000C0019,Bulon Cab. Redonda con Tuerca 3/16 3/4,49.053980990519996,fleb
1020000000D0019,Bulon Cab. Redonda con Tuerca 1/4 3/4,67.54498057944001,fleb
1020000000D0025,Bulon Cab. Redonda con Tuerca 1/4 1,74.13116503463999,fleb
1020000000D0032,Bulon Cab. Redonda con Tuerca 1/4 1 1/4,81.01006879896,fleb
1020000000D0038,Bulon Cab. Redonda con Tuerca 1/4 1 1/2,87.88897256328,fleb
1020000000D0044,Bulon Cab. Redonda con Tuerca 1/4 1 3/4,94.7153838745703,fleb
1020000000D0050,Bulon Cab. Redonda con Tuerca 1/4 2,101.60167598683684,fleb
1020000000D0056,Bulon Cab. Redonda con Tuerca 1/4 2 1/4,108.4879680991034,fleb
1020000000D0063,Bulon Cab. Redonda con Tuerca 1/4 2 1/2,115.37426021136993,fleb
1020000000D0070,Bulon Cab. Redonda con Tuerca 1/4 2 3/4,122.20067152266023,fleb
1020000000D0076,Bulon Cab. Redonda con Tuerca 1/4 3,129.23557497648,fleb
1020000000D0082,Bulon Cab. Redonda con Tuerca 1/4 3 1/4,134.94360150432,fleb
1020000000D0090,Bulon Cab. Redonda con Tuerca 1/4 3 1/2,142.3356418983133,fleb
1020000000D0100,Bulon Cab. Redonda con Tuerca 1/4 4,155.98707133560734,fleb
1020000000D0110,Bulon Cab. Redonda con Tuerca 1/4 4 1/2,162.84259266874628,fleb
1020000000D0125,Bulon Cab. Redonda con Tuerca 1/4 5,183.3154673364,fleb
1020000000D0140,Bulon Cab. Redonda con Tuerca 1/4 5 1/2,198.02461261968,fleb
1020000000D0155,Bulon Cab. Redonda con Tuerca 1/4 6,211.70924032103997,fleb
1020000000E0025,Bulon Cab. Redonda con Tuerca 5/16 1,115.6241271024,fleb
1020000000E0032,Bulon Cab. Redonda con Tuerca 5/16 1 1/4,128.72331618552002,fleb
1020000000E0038,Bulon Cab. Redonda con Tuerca 5/16 1 1/2,140.11962305893655,fleb
1020000000E0044,Bulon Cab. Redonda con Tuerca 5/16 1 3/4,149.2868476512,fleb
1020000000E0050,Bulon Cab. Redonda con Tuerca 5/16 2,167.87452378032,fleb
1020000000E0056,Bulon Cab. Redonda con Tuerca 5/16 2 1/4,174.46070823552,fleb
1020000000E0063,Bulon Cab. Redonda con Tuerca 5/16 2 1/2,194.65834056480006,fleb
1020000000E0070,Bulon Cab. Redonda con Tuerca 5/16 2 3/4,194.07290194656002,fleb
1020000000E0076,Bulon Cab. Redonda con Tuerca 5/16 3,205.34259534768,fleb
1020000000E0082,Bulon Cab. Redonda con Tuerca 5/16 3 1/4,216.46592909424,fleb
1020000000E0090,Bulon Cab. Redonda con Tuerca 5/16 3 1/2,227.73562249536005,fleb
1020000000E0100,Bulon Cab. Redonda con Tuerca 5/16 4,250.05546981575998,fleb
1020000000E0110,Bulon Cab. Redonda con Tuerca 5/16 4 1/2,271.20443989968,fleb
1020000000E0125,Bulon Cab. Redonda con Tuerca 5/16 5,272.9607557544,fleb
1020000000E0140,Bulon Cab. Redonda con Tuerca 5/16 5 1/2,317.2345512588001,fleb
1020000000E0155,Bulon Cab. Redonda con Tuerca 5/16 6,364.21600037255996,fleb
1020000000E0175,Bulon Cab. Redonda con Tuerca 5/16 7,384.48681252912,fleb
1020000000E0200,Bulon Cab. Redonda con Tuerca 5/16 8,427.22383166064014,fleb
1020000000E0225,Bulon Cab. Redonda con Tuerca 5/16 9,475.0658755432128,fleb
1020000000E0250,Bulon Cab. Redonda con Tuerca 5/16 10,658.3257262108801,fleb
1020000000F0025,Bulon Cab. Redonda con Tuerca 3/8 1,187.7062569732,fleb
1020000000F0032,Bulon Cab. Redonda con Tuerca 3/8 1 1/4,206.22075327504,fleb
1020000000F0038,Bulon Cab. Redonda con Tuerca 3/8 1 1/2,222.32031527664,fleb
1020000000F0044,Bulon Cab. Redonda con Tuerca 3/8 1 3/4,244.88670046176,fleb
1020000000F0050,Bulon Cab. Redonda con Tuerca 3/8 2,250.49454877943992,fleb
1020000000F0056,Bulon Cab. Redonda con Tuerca 3/8 2 1/4,266.22821164464,fleb
1020000000F0063,Bulon Cab. Redonda con Tuerca 3/8 2 1/2,276.1831974114232,fleb
1020000000F0070,Bulon Cab. Redonda con Tuerca 3/8 2 3/4,297.65587019907764,fleb
1020000000F0076,Bulon Cab. Redonda con Tuerca 3/8 3,313.28284058568005,fleb
1020000000F0082,Bulon Cab. Redonda con Tuerca 3/8 3 1/4,329.08968327815995,fleb
1020000000F0090,Bulon Cab. Redonda con Tuerca 3/8 3 1/2,343.28656977047996,fleb
1020000000F0100,Bulon Cab. Redonda con Tuerca 3/8 4,376.14431221919995,fleb
1020000000F0110,Bulon Cab. Redonda con Tuerca 3/8 4 1/2,414.49054171392004,fleb
1020000000F0125,Bulon Cab. Redonda con Tuerca 3/8 5,438.93260402544,fleb
1020000000F0140,Bulon Cab. Redonda con Tuerca 3/8 5 1/2,466.30185942816,fleb
1020000000F0155,Bulon Cab. Redonda con Tuerca 3/8 6,510.5756549325599,fleb
1020000000F0175,Bulon Cab. Redonda con Tuerca 3/8 7,561.9478936831201,fleb
1020000000F0200,Bulon Cab. Redonda con Tuerca 3/8 8,624.3702863529601,fleb
1020000000F0225,Bulon Cab. Redonda con Tuerca 3/8 9,690.1589510776801,fleb
1020000000F0250,Bulon Cab. Redonda con Tuerca 3/8 10,752.8740630566399,fleb
1020000000G0038,Bulon Cab. Redonda con Tuerca 7/16 1 1/2,303.47674373015997,fleb
1020000000G0050,Bulon Cab. Redonda con Tuerca 7/16 2,346.53704788871363,fleb
1020000000G0056,Bulon Cab. Redonda con Tuerca 7/16 2 1/4,390.8706406110954,fleb
1020000000G0063,Bulon Cab. Redonda con Tuerca 7/16 2 1/2,401.67866591533027,fleb
1020000000G0070,Bulon Cab. Redonda con Tuerca 7/16 2 3/4,411.6194565262049,fleb
1020000000G0076,Bulon Cab. Redonda con Tuerca 7/16 3,432.59977945291956,fleb
1020000000G0090,Bulon Cab. Redonda con Tuerca 7/16 3 1/2,477.2806326927091,fleb
1020000000G0100,Bulon Cab. Redonda con Tuerca 7/16 4,519.2412785461385,fleb
1020000000G0110,Bulon Cab. Redonda con Tuerca 7/16 4 1/2,563.8642550330267,fleb
1020000000G0125,Bulon Cab. Redonda con Tuerca 7/16 5,605.8827776393572,fleb
1020000000G0140,Bulon Cab. Redonda con Tuerca 7/16 5 1/2,648.8123486644798,fleb
1020000000G0155,Bulon Cab. Redonda con Tuerca 7/16 6,692.50070555064,fleb
1020000000G0175,Bulon Cab. Redonda con Tuerca 7/16 7,776.5344414076474,fleb
1020000000G0250,Bulon Cab. Redonda con Tuerca 7/16 10,1028.288402136285,fleb
1020000000G0275,Bulon Cab. Redonda con Tuerca 7/16 11,1112.1485145721006,fleb
1020000000H0038,Bulon Cab. Redonda con Tuerca 1/2 1 1/2,400.58637453072,fleb
1020000000H0050,Bulon Cab. Redonda con Tuerca 1/2 2,520.45493161536,fleb
1020000000H0063,Bulon Cab. Redonda con Tuerca 1/2 2 1/2,530.9928267436801,fleb
1020000000H0070,Bulon Cab. Redonda con Tuerca 1/2 2 3/4,561.7119511209339,fleb
1020000000H0076,Bulon Cab. Redonda con Tuerca 1/2 3,592.4310754981879,fleb
1020000000H0090,Bulon Cab. Redonda con Tuerca 1/2 3 1/2,653.8693242526955,fleb
1020000000H0100,Bulon Cab. Redonda con Tuerca 1/2 4,700.3309470695999,fleb
1020000000H0110,Bulon Cab. Redonda con Tuerca 1/2 4 1/2,760.1920457846402,fleb
1020000000H0125,Bulon Cab. Redonda con Tuerca 1/2 5,879.40198442376,fleb
1020000000H0140,Bulon Cab. Redonda con Tuerca 1/2 5 1/2,880.13378269656,fleb
1020000000H0155,Bulon Cab. Redonda con Tuerca 1/2 6,940.0858680343295,fleb
1020000000H0175,Bulon Cab. Redonda con Tuerca 1/2 7,1143.28844159544,fleb
1020000000H0200,Bulon Cab. Redonda con Tuerca 1/2 8,1273.5316860899654,fleb
107NC00000D0012,Bulon G5 UNC. 5 1/4 1/2,39.36203519244,fleb
107NC00000D0016,Bulon G5 UNC. 5 1/4 5/8,43.54012831342525,fleb
107NC00000D0019,Bulon G5 UNC. 5 1/4 3/4,47.648779443479995,fleb
107NC00000D0022,Bulon G5 UNC. 5 1/4 7/8,48.07740414612001,fleb
107NC00000D0025,Bulon G5 UNC. 5 1/4 1,52.8637133256,fleb
107NC00000D0032,Bulon G5 UNC. 5 1/4 1 1/4,68.86570222416,fleb
107NC00000D0038,Bulon G5 UNC. 5 1/4 1 1/2,80.47720450797915,fleb
107NC00000D0044,Bulon G5 UNC. 5 1/4 1 3/4,91.7235652105461,fleb
107NC00000D0050,Bulon G5 UNC. 5 1/4 2,103.33506749436525,fleb
107NC00000D0056,Bulon G5 UNC. 5 1/4 2 1/4,91.72356521054613,fleb
107NC00000D0063,Bulon G5 UNC. 5 1/4 2 1/2,126.19293048075134,fleb
107NC00000D0070,Bulon G5 UNC. 5 1/4 2 3/4,137.4392911833183,fleb
107NC00000D0076,Bulon G5 UNC. 5 1/4 3,119.1822121207096,fleb
107NC00000D0082,Bulon G5 UNC. 5 1/4 3 1/4,128.23772333576352,fleb
107NC00000D0090,Bulon G5 UNC. 5 1/4 3 1/2,171.90865645352352,fleb
107NC00000D0100,Bulon G5 UNC. 5 1/4 4,211.88347800504002,fleb
107NC00000D0110,Bulon G5 UNC. 5 1/4 4 1/2,236.7501928965201,fleb
107NC00000D0125,Bulon G5 UNC. 5 1/4 5,261.6169077880002,fleb
107NC00000D0140,Bulon G5 UNC. 5 1/4 5 1/2,229.18689814358433,fleb
107NC00000D0155,Bulon G5 UNC. 5 1/4 6,249.08027005676843,fleb
107NC00000E0012,Bulon G5 UNC. 5 5/16 1/2,77.67955776,fleb
107NC00000E0016,Bulon G5 UNC. 5 5/16 5/8,63.80820815999999,fleb
107NC00000E0019,Bulon G5 UNC. 5 5/16 3/4,80.45382767999999,fleb
107NC00000E0022,Bulon G5 UNC. 5 5/16 7/8,64.9611254929748,fleb
107NC00000E0025,Bulon G5 UNC. 5 5/16 1,80.367131745,fleb
107NC00000E0032,Bulon G5 UNC. 5 5/16 1 1/4,102.71734378800002,fleb
107NC00000E0038,Bulon G5 UNC. 5 5/16 1 1/2,117.65748087467999,fleb
107NC00000E0044,Bulon G5 UNC. 5 5/16 1 3/4,125.15841317088001,fleb
107NC00000E0050,Bulon G5 UNC. 5 5/16 2,150.09008337443998,fleb
107NC00000E0056,Bulon G5 UNC. 5 5/16 2 1/4,166.07404718055582,fleb
107NC00000E0063,Bulon G5 UNC. 5 5/16 2 1/2,188.0808830441235,fleb
107NC00000E0070,Bulon G5 UNC. 5 5/16 2 3/4,204.56960360201145,fleb
107NC00000E0076,Bulon G5 UNC. 5 5/16 3,221.67408550853415,fleb
107NC00000E0082,Bulon G5 UNC. 5 5/16 3 1/4,190.69444787944022,fleb
107NC00000E0090,Bulon G5 UNC. 5 5/16 3 1/2,254.5146907690577,fleb
107NC00000E0100,Bulon G5 UNC. 5 5/16 4,288.03947530584225,fleb
107NC00000E0110,Bulon G5 UNC. 5 5/16 4 1/2,257.47034524250483,fleb
107NC00000E0125,Bulon G5 UNC. 5 5/16 5,284.01650116142804,fleb
107NC00000E0140,Bulon G5 UNC. 5 5/16 5 1/2,310.83632879085565,fleb
107NC00000E0155,Bulon G5 UNC. 5 5/16 6,337.3824847097788,fleb
107NC00000E0175,Bulon G5 UNC. 5 5/16 7,443.50455485164224,fleb
107NC00000E0200,Bulon G5 UNC. 5 5/16 8,503.2431796588803,fleb
107NC00000F0012,Bulon G5 UNC. 5 3/8 1/2,67.73670289793844,fleb
107NC00000F0016,Bulon G5 UNC. 5 3/8 5/8,97.58355730104,fleb
107NC00000F0019,Bulon G5 UNC. 5 3/8 3/4,98.86892543160403,fleb
107NC00000F0022,Bulon G5 UNC. 5 3/8 7/8,85.97297863617743,fleb
107NC00000F0025,Bulon G5 UNC. 5 3/8 1,118.37185537908,fleb
107NC00000F0032,Bulon G5 UNC. 5 3/8 1 1/4,136.58840524128001,fleb
107NC00000F0038,Bulon G5 UNC. 5 3/8 1 1/2,158.51970252636002,fleb
107NC00000F0044,Bulon G5 UNC. 5 3/8 1 3/4,197.23880066483994,fleb
107NC00000F0050,Bulon G5 UNC. 5 3/8 2,202.02510984432004,fleb
107NC00000F0056,Bulon G5 UNC. 5 3/8 2 1/4,223.95607853027187,fleb
107NC00000F0063,Bulon G5 UNC. 5 3/8 2 1/2,263.55564239999995,fleb
107NC00000F0070,Bulon G5 UNC. 5 3/8 2 3/4,214.00660516596724,fleb
107NC00000F0076,Bulon G5 UNC. 5 3/8 3,292.32204720048003,fleb
107NC00000F0082,Bulon G5 UNC. 5 3/8 3 1/4,329.75527123103996,fleb
107NC00000F0090,Bulon G5 UNC. 5 3/8 3 1/2,356.47287769559995,fleb
107NC00000F0100,Bulon G5 UNC. 5 3/8 4,403.4072826346799,fleb
107NC00000F0110,Bulon G5 UNC. 5 3/8 4 1/2,450.06659814836536,fleb
107NC00000F0125,Bulon G5 UNC. 5 3/8 5,496.72591366205086,fleb
107NC00000F0140,Bulon G5 UNC. 5 3/8 5 1/2,434.97367019984193,fleb
107NC00000F0155,Bulon G5 UNC. 5 3/8 6,590.0445446894216,fleb
107NC00000F0175,Bulon G5 UNC. 5 3/8 7,708.5704543532196,fleb
107NC00000F0200,Bulon G5 UNC. 5 3/8 8,805.6128879064262,fleb
107NC00000G0025,Bulon G5 UNC. 5 7/16 1,178.09356394692003,fleb
107NC00000G0032,Bulon G5 UNC. 5 7/16 1 1/4,203.45385885312004,fleb
107NC00000G0038,Bulon G5 UNC. 5 7/16 1 1/2,221.95615851707996,fleb
107NC00000G0044,Bulon G5 UNC. 5 7/16 1 3/4,201.57370565044107,fleb
107NC00000G0050,Bulon G5 UNC. 5 7/16 2,281.9781056090227,fleb
107NC00000G0056,Bulon G5 UNC. 5 7/16 2 1/4,311.9890791549941,fleb
107NC00000G0063,Bulon G5 UNC. 5 7/16 2 1/2,362.75937333431995,fleb
107NC00000G0070,Bulon G5 UNC. 5 7/16 2 3/4,394.59200572928785,fleb
107NC00000G0076,Bulon G5 UNC. 5 7/16 3,426.4246381242554,fleb
107NC00000G0082,Bulon G5 UNC. 5 7/16 3 1/4,459.58363020234697,fleb
107NC00000G0090,Bulon G5 UNC. 5 7/16 3 1/2,490.0899029141908,fleb
107NC00000G0100,Bulon G5 UNC. 5 7/16 4,548.49674447832,fleb
107NC00000G0110,Bulon G5 UNC. 5 7/16 4 1/2,612.8712126925419,fleb
107NC00000G0125,Bulon G5 UNC. 5 7/16 5,674.8809045233844,fleb
107NC00000G0140,Bulon G5 UNC. 5 7/16 5 1/2,738.0729845459166,fleb
107NC00000G0155,Bulon G5 UNC. 5 7/16 6,802.67119314384,fleb
107NC00000G0175,Bulon G5 UNC. 5 7/16 7,988.05137703564,fleb
107NC00000G0200,Bulon G5 UNC. 5 7/16 8,1182.0236365382398,fleb
107NC00000H0019,Bulon G5 UNC. 5 1/2 12 3/4,264.52663687200004,fleb
107NC00000H0022,Bulon G5 UNC. 5 1/2 12 7/8,213.61878384000002,fleb
107NC00000H0025,Bulon G5 UNC. 5 1/2 12 1,269.89068776232,fleb
107NC00000H0032,Bulon G5 UNC. 5 1/2 12 1 1/4,302.68047751427997,fleb
107NC00000H0038,Bulon G5 UNC. 5 1/2 12 1 1/2,335.89889196888004,fleb
107NC00000H0044,Bulon G5 UNC. 5 1/2 12 1 3/4,375.83360900912163,fleb
107NC00000H0050,Bulon G5 UNC. 5 1/2 12 2,416.26602371388003,fleb
107NC00000H0056,Bulon G5 UNC. 5 1/2 12 2 1/4,459.41424377963995,fleb
107NC00000H0063,Bulon G5 UNC. 5 1/2 12 2 1/2,496.4188431075599,fleb
107NC00000H0070,Bulon G5 UNC. 5 1/2 12 2 3/4,572.49972782616,fleb
107NC00000H0076,Bulon G5 UNC. 5 1/2 12 3,576.5002250508,fleb
107NC00000H0082,Bulon G5 UNC. 5 1/2 12 3 1/4,582.2588288526392,fleb
107NC00000H0090,Bulon G5 UNC. 5 1/2 12 3 1/2,702.2301378252,fleb
107NC00000H0100,Bulon G5 UNC. 5 1/2 12 4,788.4689266809264,fleb
107NC00000H0110,Bulon G5 UNC. 5 1/2 12 4 1/2,824.1024282758401,fleb
107NC00000H0125,Bulon G5 UNC. 5 1/2 12 5,1017.7693564186801,fleb
107NC00000H0140,Bulon G5 UNC. 5 1/2 12 5 1/2,1194.3173093047471,fleb
107NC00000H0155,Bulon G5 UNC. 5 1/2 12 6,1205.79272597676,fleb
107NC00000H0175,Bulon G5 UNC. 5 1/2 12 7,1379.24285564508,fleb
107NC00000H0200,Bulon G5 UNC. 5 1/2 12 8,1219.8553862647148,fleb
107NC00000H0225,Bulon G5 UNC. 5 1/2 12 9,1750.3506356403002,fleb
107NC00000H0250,Bulon G5 UNC. 5 1/2 12 10,1935.9418529141115,fleb
107NC00000H1019,Bulon G5 UNC. 5 1/2 13 3/4,230.02859041680003,fleb
107NC00000H1022,Bulon G5 UNC. 5 1/2 13 7/8,250.43940165138815,fleb
107NC00000H1025,Bulon G5 UNC. 5 1/2 13 1,261.8343944265264,fleb
107NC00000H1032,Bulon G5 UNC. 5 1/2 13 1 1/4,293.64019843625266,fleb
107NC00000H1038,Bulon G5 UNC. 5 1/2 13 1 1/2,328.89802182576,fleb
107NC00000H1044,Bulon G5 UNC. 5 1/2 13 1 3/4,375.90386421528007,fleb
107NC00000H1050,Bulon G5 UNC. 5 1/2 13 2,427.48170343296,fleb
107NC00000H1056,Bulon G5 UNC. 5 1/2 13 2 1/4,483.20291477616,fleb
107NC00000H1063,Bulon G5 UNC. 5 1/2 13 2 1/2,525.5974522183291,fleb
107NC00000H1070,Bulon G5 UNC. 5 1/2 13 2 3/4,568.07060589888,fleb
107NC00000H1076,Bulon G5 UNC. 5 1/2 13 3,563.92723377336,fleb
107NC00000H1082,Bulon G5 UNC. 5 1/2 13 3 1/4,455.64819776582254,fleb
107NC00000H1090,Bulon G5 UNC. 5 1/2 13 3 1/2,513.730825173334,fleb
107NC00000H1100,Bulon G5 UNC. 5 1/2 13 4,721.0257195415212,fleb
107NC00000H1110,Bulon G5 UNC. 5 1/2 13 4 1/2,677.7741906151349,fleb
107NC00000H1125,Bulon G5 UNC. 5 1/2 13 5,930.1482138238243,fleb
107NC00000H1140,Bulon G5 UNC. 5 1/2 13 5 1/2,1098.06505071324,fleb
107NC00000H1155,Bulon G5 UNC. 5 1/2 13 6,950.3619980501758,fleb
107NC00000H1175,Bulon G5 UNC. 5 1/2 13 7,1062.8291715482444,fleb
107NC00000H1200,Bulon G5 UNC. 5 1/2 13 8,1283.5249014280378,fleb
107NC00000H1225,Bulon G5 UNC. 5 1/2 13 9,1908.6802223392244,fleb
107NC00000H1250,Bulon G5 UNC. 5 1/2 13 10,1688.8474119491864,fleb
107NC00000I0025,Bulon G5 UNC. 5 9/16 1,268.11246674596754,fleb
107NC00000I0032,Bulon G5 UNC. 5 9/16 1 1/4,378.68992478244,fleb
107NC00000I0038,Bulon G5 UNC. 5 9/16 1 1/2,422.2392661324206,fleb
107NC00000I0044,Bulon G5 UNC. 5 9/16 1 3/4,478.05941834448,fleb
107NC00000I0050,Bulon G5 UNC. 5 9/16 2,495.77590605359995,fleb
107NC00000I0056,Bulon G5 UNC. 5 9/16 2 1/4,543.0211371491782,fleb
107NC00000I0063,Bulon G5 UNC. 5 9/16 2 1/2,629.79256307904,fleb
107NC00000I0070,Bulon G5 UNC. 5 9/16 2 3/4,544.6716634693705,fleb
107NC00000I0076,Bulon G5 UNC. 5 9/16 3,783.7312524000001,fleb
107NC00000I0082,Bulon G5 UNC. 5 9/16 3 1/4,853.0880004000002,fleb
107NC00000I0090,Bulon G5 UNC. 5 9/16 3 1/2,901.637724,fleb
107NC00000I0100,Bulon G5 UNC. 5 9/16 4,1005.6728459999999,fleb
107NC00000I0110,Bulon G5 UNC. 5 9/16 4 1/2,1137.4506672,fleb
107NC00000I0125,Bulon G5 UNC. 5 9/16 5,1192.9360656000001,fleb
107NC00000I0140,Bulon G5 UNC. 5 9/16 5 1/2,1054.2225696,fleb
107NC00000I0155,Bulon G5 UNC. 5 9/16 6,1387.13496,fleb
107NC00000I0175,Bulon G5 UNC. 5 9/16 7,1561.7788851888386,fleb
107NC00000I0200,Bulon G5 UNC. 5 9/16 8,2090.8312994779203,fleb
107NC00000J0025,Bulon G5 UNC. 5 5/8 1,426.12439187459995,fleb
107NC00000J0032,Bulon G5 UNC. 5 5/8 1 1/4,452.36572651841254,fleb
107NC00000J0038,Bulon G5 UNC. 5 5/8 1 1/2,530.7088193187601,fleb
107NC00000J0044,Bulon G5 UNC. 5 5/8 1 3/4,586.71578046372,fleb
107NC00000J0050,Bulon G5 UNC. 5 5/8 2,641.151117699,fleb
107NC00000J0056,Bulon G5 UNC. 5 5/8 2 1/4,708.6595083648001,fleb
107NC00000J0063,Bulon G5 UNC. 5 5/8 2 1/2,762.2375961948,fleb
107NC00000J0070,Bulon G5 UNC. 5 5/8 2 3/4,830.96042351808,fleb
107NC00000J0076,Bulon G5 UNC. 5 5/8 3,892.3438704662153,fleb
107NC00000J0082,Bulon G5 UNC. 5 5/8 3 1/4,953.3518834880622,fleb
107NC00000J0090,Bulon G5 UNC. 5 5/8 3 1/2,1098.2793630645601,fleb
107NC00000J0100,Bulon G5 UNC. 5 5/8 4,1230.65295872988,fleb
107NC00000J0110,Bulon G5 UNC. 5 5/8 4 1/2,1363.3286037770345,fleb
107NC00000J0125,Bulon G5 UNC. 5 5/8 5,1495.394712935763,fleb
107NC00000J0140,Bulon G5 UNC. 5 5/8 5 1/2,1628.1380841927423,fleb
107NC00000J0155,Bulon G5 UNC. 5 5/8 6,1760.2041933514713,fleb
107NC00000J0175,Bulon G5 UNC. 5 5/8 7,2160.2685013056002,fleb
107NC00000J0200,Bulon G5 UNC. 5 5/8 8,2560.38966122004,fleb
107NC00000J0225,Bulon G5 UNC. 5 5/8 9,2856.7920609247208,fleb
107NC00000J0250,Bulon G5 UNC. 5 5/8 10,2522.070904385454,fleb
107NC00000J0275,Bulon G5 UNC. 5 5/8 11,3407.7945801508968,fleb
107NC00000J0300,Bulon G5 UNC. 5 5/8 12,3710.7096539420854,fleb
107NC00000K0025,Bulon G5 UNC. 5 3/4 1,582.9139923004915,fleb
107NC00000K0032,Bulon G5 UNC. 5 3/4 1 1/4,806.1716282153998,fleb
107NC00000K0038,Bulon G5 UNC. 5 3/4 1 1/2,841.8189159849601,fleb
107NC00000K0044,Bulon G5 UNC. 5 3/4 1 3/4,934.9733513587199,fleb
107NC00000K0050,Bulon G5 UNC. 5 3/4 2,986.8369403781601,fleb
107NC00000K0056,Bulon G5 UNC. 5 3/4 2 1/4,1084.99199728272,fleb
107NC00000K0063,Bulon G5 UNC. 5 3/4 2 1/2,1161.5729441544,fleb
107NC00000K0070,Bulon G5 UNC. 5 3/4 2 3/4,1262.44262417568,fleb
107NC00000K0076,Bulon G5 UNC. 5 3/4 3,1349.8106260638,fleb
107NC00000K0082,Bulon G5 UNC. 5 3/4 3 1/4,1468.61110614552,fleb
107NC00000K0090,Bulon G5 UNC. 5 3/4 3 1/2,1511.11638915732,fleb
107NC00000K0100,Bulon G5 UNC. 5 3/4 4,1702.9259435887202,fleb
107NC00000K0110,Bulon G5 UNC. 5 3/4 4 1/2,1861.0884588628799,fleb
107NC00000K0125,Bulon G5 UNC. 5 3/4 5,2057.398572672,fleb
107NC00000K0140,Bulon G5 UNC. 5 3/4 5 1/2,2228.952805451101,fleb
107NC00000K0155,Bulon G5 UNC. 5 3/4 6,2384.9392829394,fleb
107NC00000K0175,Bulon G5 UNC. 5 3/4 7,3198.2546561987997,fleb
107NC00000K0200,Bulon G5 UNC. 5 3/4 8,3606.9124781507985,fleb
107NC00000K0225,Bulon G5 UNC. 5 3/4 9,4016.0774995272063,fleb
107NC00000K0250,Bulon G5 UNC. 5 3/4 10,4424.880235600464,fleb
107NC00000K0275,Bulon G5 UNC. 5 3/4 11,4963.3086531404115,fleb
107NC00000K0300,Bulon G5 UNC. 5 3/4 12,5267.628307785518,fleb
107NC00000L0050,Bulon G5 UNC. 5 7/8 2,1587.26871132636,fleb
107NC00000L0056,Bulon G5 UNC. 5 7/8 2 1/4,1705.6296971278512,fleb
107NC00000L0063,Bulon G5 UNC. 5 7/8 2 1/2,1836.9898663410681,fleb
107NC00000L0070,Bulon G5 UNC. 5 7/8 2 3/4,1574.6800284434273,fleb
107NC00000L0076,Bulon G5 UNC. 5 7/8 3,2080.4014317136803,fleb
107NC00000L0082,Bulon G5 UNC. 5 7/8 3 1/4,2214.620878921015,fleb
107NC00000L0090,Bulon G5 UNC. 5 7/8 3 1/2,2340.0279381803925,fleb
107NC00000L0100,Bulon G5 UNC. 5 7/8 4,2600.332320643103,fleb
107NC00000L0110,Bulon G5 UNC. 5 7/8 4 1/2,2860.6367031058103,fleb
107NC00000L0125,Bulon G5 UNC. 5 7/8 5,3152.60612536764,fleb
107NC00000L0140,Bulon G5 UNC. 5 7/8 5 1/2,2732.486942812673,fleb
107NC00000L0155,Bulon G5 UNC. 5 7/8 6,3678.6112316640438,fleb
107NC00000L0175,Bulon G5 UNC. 5 7/8 7,4203.931435478291,fleb
107NC00000L0200,Bulon G5 UNC. 5 7/8 8,4729.936541774696,fleb
107NC00000L0225,Bulon G5 UNC. 5 7/8 9,5311.896837917264,fleb
107NC00000L0250,Bulon G5 UNC. 5 7/8 10,5843.197180462971,fleb
107NC00000L0275,Bulon G5 UNC. 5 7/8 11,5430.5035325677445,fleb
107NC00000L0300,Bulon G5 UNC. 5 7/8 12,7353.914023194479,fleb
107NC00000M0050,Bulon G5 UNC. 5 1 2,2219.415936,fleb
107NC00000M0056,Bulon G5 UNC. 5 1 2 1/4,2954.5974647999997,fleb
107NC00000M0063,Bulon G5 UNC. 5 1 2 1/2,2982.340164,fleb
107NC00000M0070,Bulon G5 UNC. 5 1 2 3/4,2413.6148304,fleb
107NC00000M0076,Bulon G5 UNC. 5 1 3,3121.0536600000005,fleb
107NC00000M0082,Bulon G5 UNC. 5 1 3 1/4,3407.70926088888,fleb
107NC00000M0090,Bulon G5 UNC. 5 1 3 1/2,3527.071726686579,fleb
107NC00000M0100,Bulon G5 UNC. 5 1 4,3703.425313020908,fleb
107NC00000M0110,Bulon G5 UNC. 5 1 4 1/2,4185.273998789079,fleb
107NC00000M0125,Bulon G5 UNC. 5 1 5,4557.843699107723,fleb
107NC00000M0140,Bulon G5 UNC. 5 1 5 1/2,4930.413399426366,fleb
107NC00000M0155,Bulon G5 UNC. 5 1 6,5302.239447648566,fleb
107NC00000M0175,Bulon G5 UNC. 5 1 7,6052.807508589899,fleb
107NC00000M0200,Bulon G5 UNC. 5 1 8,5438.595496052613,fleb
107NC00000M0225,Bulon G5 UNC. 5 1 9,7543.681231541634,fleb
107NC00000M0250,Bulon G5 UNC. 5 1 10,6956.357929042134,fleb
107NC00000M0275,Bulon G5 UNC. 5 1 11,9831.721568125133,fleb
107NC00000M0300,Bulon G5 UNC. 5 1 12,10642.68948978209,fleb
107NC00000N0076,Bulon G5 UNC. 5 1 1/8 3,4989.052144998001,fleb
107NC00000N0100,Bulon G5 UNC. 5 1 1/8 4,6160.094109748799,fleb
107NC00000N0125,Bulon G5 UNC. 5 1 1/8 5,7335.2376568224,fleb
107NC00000N0155,Bulon G5 UNC. 5 1 1/8 6,8506.1991983904,fleb
107NC00000N0175,Bulon G5 UNC. 5 1 1/8 7,9685.605174152399,fleb
107NC00000N0200,Bulon G5 UNC. 5 1 1/8 8,10857.612217096797,fleb
107NC00000N0225,Bulon G5 UNC. 5 1 1/8 9,12029.699683224,fleb
107NC00000N0250,Bulon G5 UNC. 5 1 1/8 10,13201.706726168399,fleb
107NC00000N0275,Bulon G5 UNC. 5 1 1/8 11,14373.633345929999,fleb
107NC00000N0300,Bulon G5 UNC. 5 1 1/8 12,15545.6403888744,fleb
107NC00000O0076,Bulon G5 UNC. 5 1 1/4 3,5806.955914074001,fleb
107NC00000O0100,Bulon G5 UNC. 5 1 1/4 4,7104.5035453692,fleb
107NC00000O0125,Bulon G5 UNC. 5 1 1/4 5,8405.750643073201,fleb
107NC00000O0155,Bulon G5 UNC. 5 1 1/4 6,10793.756209953603,fleb
107NC00000O0175,Bulon G5 UNC. 5 1 1/4 7,11018.136889965599,fleb
107NC00000O0200,Bulon G5 UNC. 5 1 1/4 8,12320.590335411602,fleb
107NC00000O0225,Bulon G5 UNC. 5 1 1/4 9,15148.189019476802,fleb
107NC00000O0250,Bulon G5 UNC. 5 1 1/4 10,16596.2888489736,fleb
107NC00000O0275,Bulon G5 UNC. 5 1 1/4 11,18043.906139373597,fleb
107NC00000O0300,Bulon G5 UNC. 5 1 1/4 12,19492.810200698405,fleb
107NC00000P0076,Bulon G5 UNC. 5 1 1/2 3,10153.9093675968,fleb
107NC00000P0100,Bulon G5 UNC. 5 1 1/2 4,12127.815966240003,fleb
107NC00000P0125,Bulon G5 UNC. 5 1 1/2 5,14214.6367135344,fleb
107NC00000P0155,Bulon G5 UNC. 5 1 1/2 6,14656.481679837601,fleb
107NC00000P0175,Bulon G5 UNC. 5 1 1/2 7,18404.443267865998,fleb
107NC00000P0200,Bulon G5 UNC. 5 1 1/2 8,20493.1137483648,fleb
107NC00000P0225,Bulon G5 UNC. 5 1 1/2 9,22581.7038056808,fleb
107NC00000P0250,Bulon G5 UNC. 5 1 1/2 10,24670.454709362402,fleb
107NC00000P0275,Bulon G5 UNC. 5 1 1/2 11,26755.264877086804,fleb
107NC00000P0300,Bulon G5 UNC. 5 1 1/2 12,28847.7152471772,fleb
108NF00000D0012,Bulon G5 UNF. 5 1/4 1/2,45.89771956866573,fleb
108NF00000D0016,Bulon G5 UNF. 5 1/4 5/8,50.76954455081461,fleb
108NF00000D0019,Bulon G5 UNF. 5 1/4 3/4,44.649848608325854,fleb
108NF00000D0022,Bulon G5 UNF. 5 1/4 7/8,60.855076970000006,fleb
108NF00000D0025,Bulon G5 UNF. 5 1/4 1,53.949051381269676,fleb
108NF00000D0032,Bulon G5 UNF. 5 1/4 1 1/4,64.479030991809,fleb
108NF00000D0038,Bulon G5 UNF. 5 1/4 1 1/2,75.35089305723595,fleb
108NF00000D0044,Bulon G5 UNF. 5 1/4 1 3/4,85.8808726677753,fleb
108NF00000D0050,Bulon G5 UNF. 5 1/4 2,96.75273473320229,fleb
108NF00000D0056,Bulon G5 UNF. 5 1/4 2 1/4,107.35109083471913,fleb
108NF00000D0063,Bulon G5 UNF. 5 1/4 2 1/2,118.15457640916856,fleb
108NF00000D0070,Bulon G5 UNF. 5 1/4 2 3/4,160.85569502463485,fleb
108NF00000D0076,Bulon G5 UNF. 5 1/4 3,139.48804159415732,fleb
108NF00000D0082,Bulon G5 UNF. 5 1/4 3 1/4,187.60799711959268,fleb
108NF00000D0090,Bulon G5 UNF. 5 1/4 3 1/2,160.95825976110117,fleb
108NF00000D0100,Bulon G5 UNF. 5 1/4 4,227.9501267963343,fleb
108NF00000D0110,Bulon G5 UNF. 5 1/4 4 1/2,203.76194311303377,fleb
108NF00000D0125,Bulon G5 UNF. 5 1/4 5,225.1637847890001,fleb
108NF00000D0140,Bulon G5 UNF. 5 1/4 5 1/2,308.2070330812079,fleb
108NF00000D0155,Bulon G5 UNF. 5 1/4 6,267.762338668,fleb
108NF00000E0012,Bulon G5 UNF. 5 5/16 1/2,78.527505,fleb
108NF00000E0016,Bulon G5 UNF. 5 5/16 5/8,82.26691000000001,fleb
108NF00000E0019,Bulon G5 UNF. 5 5/16 3/4,86.006315,fleb
108NF00000E0022,Bulon G5 UNF. 5 5/16 7/8,77.779624,fleb
108NF00000E0025,Bulon G5 UNF. 5 5/16 1,104.70333999999998,fleb
108NF00000E0032,Bulon G5 UNF. 5 5/16 1 1/4,101.71181600000001,fleb
108NF00000E0038,Bulon G5 UNF. 5 5/16 1 1/2,141.58434363400002,fleb
108NF00000E0044,Bulon G5 UNF. 5 5/16 1 3/4,128.91038998739393,fleb
108NF00000E0050,Bulon G5 UNF. 5 5/16 2,180.61182054325928,fleb
108NF00000E0056,Bulon G5 UNF. 5 5/16 2 1/4,159.8769769828798,fleb
108NF00000E0063,Bulon G5 UNF. 5 5/16 2 1/2,175.51989206307374,fleb
108NF00000E0070,Bulon G5 UNF. 5 5/16 2 3/4,238.6342657641827,fleb
108NF00000E0076,Bulon G5 UNF. 5 5/16 3,206.86957085644198,fleb
108NF00000E0082,Bulon G5 UNF. 5 5/16 3 1/4,277.930528744,fleb
108NF00000E0090,Bulon G5 UNF. 5 5/16 3 1/2,229.38829431568797,fleb
108NF00000E0100,Bulon G5 UNF. 5 5/16 4,368.1875415185182,fleb
108NF00000E0110,Bulon G5 UNF. 5 5/16 4 1/2,329.1124361621111,fleb
108NF00000E0125,Bulon G5 UNF. 5 5/16 5,453.80644962935656,fleb
108NF00000F0019,Bulon G5 UNF. 5 3/8 3/4,128.41191558100002,fleb
108NF00000F0022,Bulon G5 UNF. 5 3/8 7/8,139.57816910978264,fleb
108NF00000F0025,Bulon G5 UNF. 5 3/8 1,149.5762,fleb
108NF00000F0032,Bulon G5 UNF. 5 3/8 1 1/4,175.86346926899998,fleb
108NF00000F0038,Bulon G5 UNF. 5 3/8 1 1/2,209.988531418,fleb
108NF00000F0044,Bulon G5 UNF. 5 3/8 1 3/4,191.10762358917285,fleb
108NF00000F0050,Bulon G5 UNF. 5 3/8 2,214.15874932106274,fleb
108NF00000F0056,Bulon G5 UNF. 5 3/8 2 1/4,237.40689322160125,fleb
108NF00000F0063,Bulon G5 UNF. 5 3/8 2 1/2,260.3266735077254,fleb
108NF00000F0070,Bulon G5 UNF. 5 3/8 2 3/4,354.4685217603299,fleb
108NF00000F0076,Bulon G5 UNF. 5 3/8 3,306.82296130880246,fleb
108NF00000F0082,Bulon G5 UNF. 5 3/8 3 1/4,412.1784269936584,fleb
108NF00000F0090,Bulon G5 UNF. 5 3/8 3 1/2,352.99088549546514,fleb
108NF00000F0100,Bulon G5 UNF. 5 3/8 4,399.1588096821279,fleb
108NF00000F0110,Bulon G5 UNF. 5 3/8 4 1/2,445.32673386879054,fleb
108NF00000F0125,Bulon G5 UNF. 5 3/8 5,537.4287382475516,fleb
108NF00000G0025,Bulon G5 UNF. 5 7/16 1,214.2036278388889,fleb
108NF00000G0032,Bulon G5 UNF. 5 7/16 1 1/4,244.57578402500002,fleb
108NF00000G0038,Bulon G5 UNF. 5 7/16 1 1/2,283.7398801597222,fleb
108NF00000G0044,Bulon G5 UNF. 5 7/16 1 3/4,322.1047090263888,fleb
108NF00000G0050,Bulon G5 UNF. 5 7/16 2,360.4695378930557,fleb
108NF00000G0056,Bulon G5 UNF. 5 7/16 2 1/4,319.0674934077779,fleb
108NF00000G0063,Bulon G5 UNF. 5 7/16 2 1/2,437.1991956263889,fleb
108NF00000G0070,Bulon G5 UNF. 5 7/16 2 3/4,475.5640244930557,fleb
108NF00000G0076,Bulon G5 UNF. 5 7/16 3,490.307044195,fleb
108NF00000G0082,Bulon G5 UNF. 5 7/16 3 1/4,528.4335639613297,fleb
108NF00000G0090,Bulon G5 UNF. 5 7/16 3 1/2,450.8079697170825,fleb
108NF00000G0100,Bulon G5 UNF. 5 7/16 4,666.170513464,fleb
108NF00000G0110,Bulon G5 UNF. 5 7/16 4 1/2,837.4002696941927,fleb
108NF00000G0125,Bulon G5 UNF. 5 7/16 5,737.7020682390685,fleb
108NF00000G0140,Bulon G5 UNF. 5 7/16 5 1/2,1008.4704641247533,fleb
108NF00000H0019,Bulon G5 UNF. 5 1/2 3/4,293.0981194643334,fleb
108NF00000H0022,Bulon G5 UNF. 5 1/2 7/8,319.1051926666667,fleb
108NF00000H0025,Bulon G5 UNF. 5 1/2 1,333.6244789330001,fleb
108NF00000H0032,Bulon G5 UNF. 5 1/2 1 1/4,374.1508384016667,fleb
108NF00000H0038,Bulon G5 UNF. 5 1/2 1 1/2,354.654144772,fleb
108NF00000H0044,Bulon G5 UNF. 5 1/2 1 3/4,396.81865694291497,fleb
108NF00000H0050,Bulon G5 UNF. 5 1/2 2,439.2349985860001,fleb
108NF00000H0056,Bulon G5 UNF. 5 1/2 2 1/4,385.12340582625,fleb
108NF00000H0063,Bulon G5 UNF. 5 1/2 2 1/2,619.181150234,fleb
108NF00000H0070,Bulon G5 UNF. 5 1/2 2 3/4,534.852523021355,fleb
108NF00000H0076,Bulon G5 UNF. 5 1/2 3,644.6016254240002,fleb
108NF00000H0082,Bulon G5 UNF. 5 1/2 3 1/4,651.04048738717,fleb
108NF00000H0090,Bulon G5 UNF. 5 1/2 3 1/2,734.0302638013586,fleb
108NF00000H0100,Bulon G5 UNF. 5 1/2 4,878.0078067140001,fleb
108NF00000H0110,Bulon G5 UNF. 5 1/2 4 1/2,1029.4283905007644,fleb
108NF00000H0125,Bulon G5 UNF. 5 1/2 5,904.1557421970693,fleb
108NF00000H0140,Bulon G5 UNF. 5 1/2 5 1/2,1047.4358756658419,fleb
108NF00000H0155,Bulon G5 UNF. 5 1/2 6,1133.1788255402557,fleb
108NF00000H0175,Bulon G5 UNF. 5 1/2 7,1584.1009989297995,fleb
108NF00000H0200,Bulon G5 UNF. 5 1/2 8,1401.0398009479252,fleb
108NF00000I0025,Bulon G5 UNF. 5 9/16 1,345.487367355,fleb
108NF00000I0032,Bulon G5 UNF. 5 9/16 1 1/4,312.30496484067805,fleb
108NF00000I0038,Bulon G5 UNF. 5 9/16 1 1/2,435.2750447466951,fleb
108NF00000I0044,Bulon G5 UNF. 5 9/16 1 3/4,533.1366933029999,fleb
108NF00000I0050,Bulon G5 UNF. 5 9/16 2,540.3776771450001,fleb
108NF00000I0056,Bulon G5 UNF. 5 9/16 2 1/4,591.8732579585765,fleb
108NF00000I0063,Bulon G5 UNF. 5 9/16 2 1/2,647.5288316580001,fleb
108NF00000I0070,Bulon G5 UNF. 5 9/16 2 3/4,829.4778086240002,fleb
108NF00000I0076,Bulon G5 UNF. 5 9/16 3,852.433268038,fleb
108NF00000I0090,Bulon G5 UNF. 5 9/16 3 1/2,937.9640934144941,fleb
108NF00000I0100,Bulon G5 UNF. 5 9/16 4,1125.5107969730002,fleb
108NF00000I0110,Bulon G5 UNF. 5 9/16 4 1/2,1141.302304288,fleb
108NF00000I0125,Bulon G5 UNF. 5 9/16 5,1296.5982981759998,fleb
108NF00000I0140,Bulon G5 UNF. 5 9/16 5 1/2,1131.7914985445175,fleb
108NF00000I0155,Bulon G5 UNF. 5 9/16 6,1225.7136531732115,fleb
108NF00000J0025,Bulon G5 UNF. 5 5/8 1,548.6200736459999,fleb
108NF00000J0032,Bulon G5 UNF. 5 5/8 1 1/4,489.93048437224184,fleb
108NF00000J0038,Bulon G5 UNF. 5 5/8 1 1/2,676.6468305120002,fleb
108NF00000J0044,Bulon G5 UNF. 5 5/8 1 3/4,632.199514801,fleb
108NF00000J0050,Bulon G5 UNF. 5 5/8 2,698.3697820379999,fleb
108NF00000J0056,Bulon G5 UNF. 5 5/8 2 1/4,611.0566904479351,fleb
108NF00000J0063,Bulon G5 UNF. 5 5/8 2 1/2,938.1695979970002,fleb
108NF00000J0070,Bulon G5 UNF. 5 5/8 2 3/4,1012.9180700325335,fleb
108NF00000J0076,Bulon G5 UNF. 5 5/8 3,1137.6047806240003,fleb
108NF00000J0082,Bulon G5 UNF. 5 5/8 3 1/4,972.3046876144601,fleb
108NF00000J0090,Bulon G5 UNF. 5 5/8 3 1/2,1034.8446320790285,fleb
108NF00000J0100,Bulon G5 UNF. 5 5/8 4,1449.5067995735715,fleb
108NF00000J0110,Bulon G5 UNF. 5 5/8 4 1/2,1706.6227820651527,fleb
108NF00000J0125,Bulon G5 UNF. 5 5/8 5,1871.943915946278,fleb
108NF00000J0140,Bulon G5 UNF. 5 5/8 5 1/2,1728.746376406,fleb
108NF00000J0155,Bulon G5 UNF. 5 5/8 6,1920.5554164760001,fleb
108NF00000J0175,Bulon G5 UNF. 5 5/8 7,2545.89910615,fleb
108NF00000J0200,Bulon G5 UNF. 5 5/8 8,2070.81820507477,fleb
108NF00000J0225,Bulon G5 UNF. 5 5/8 9,2310.545577291943,fleb
108NF00000J0250,Bulon G5 UNF. 5 5/8 10,3427.9125635000005,fleb
108NF00000K0032,Bulon G5 UNF. 5 3/4 1 1/4,,fleb
108NF00000K0038,Bulon G5 UNF. 5 3/4 1 1/2,907.7420595120001,fleb
108NF00000K0044,Bulon G5 UNF. 5 3/4 1 3/4,987.3158500309999,fleb
108NF00000K0050,Bulon G5 UNF. 5 3/4 2,1177.1990965260002,fleb
108NF00000K0056,Bulon G5 UNF. 5 3/4 2 1/4,1025.1165013815867,fleb
108NF00000K0063,Bulon G5 UNF. 5 3/4 2 1/2,1348.748788187,fleb
108NF00000K0070,Bulon G5 UNF. 5 3/4 2 3/4,1160.1397576469299,fleb
108NF00000K0076,Bulon G5 UNF. 5 3/4 3,1551.6006059303252,fleb
108NF00000K0082,Bulon G5 UNF. 5 3/4 3 1/4,1656.623178237153,fleb
108NF00000K0090,Bulon G5 UNF. 5 3/4 3 1/2,1403.5619389389199,fleb
108NF00000K0100,Bulon G5 UNF. 5 3/4 4,1566.4188592832063,fleb
108NF00000K0110,Bulon G5 UNF. 5 3/4 4 1/2,2147.490931354,fleb
108NF00000K0125,Bulon G5 UNF. 5 3/4 5,1879.2690280770298,fleb
108NF00000K0140,Bulon G5 UNF. 5 3/4 5 1/2,2544.9626217111318,fleb
108NF00000K0155,Bulon G5 UNF. 5 3/4 6,2597.6644374460006,fleb
108NF00000K0175,Bulon G5 UNF. 5 3/4 7,3754.8352807920005,fleb
108NF00000K0200,Bulon G5 UNF. 5 3/4 8,4258.237721297,fleb
108NF00000K0225,Bulon G5 UNF. 5 3/4 9,4740.7645594489995,fleb
108NF00000K0250,Bulon G5 UNF. 5 3/4 10,4178.667449163636,fleb
108NF00000L0050,Bulon G5 UNF. 5 7/8 2,2115.7308383008985,fleb
108NF00000L0056,Bulon G5 UNF. 5 7/8 2 1/4,2273.498698225922,fleb
108NF00000L0063,Bulon G5 UNF. 5 7/8 2 1/2,2448.5936641542717,fleb
108NF00000L0070,Bulon G5 UNF. 5 7/8 2 3/4,2098.9509040660982,fleb
108NF00000L0076,Bulon G5 UNF. 5 7/8 3,2784.5434459640005,fleb
108NF00000L0082,Bulon G5 UNF. 5 7/8 3 1/4,2371.3531281757932,fleb
108NF00000L0090,Bulon G5 UNF. 5 7/8 3 1/2,3164.078843725,fleb
108NF00000L0100,Bulon G5 UNF. 5 7/8 4,2812.840427469085,fleb
108NF00000L0110,Bulon G5 UNF. 5 7/8 4 1/2,3094.4177799581694,fleb
108NF00000L0125,Bulon G5 UNF. 5 7/8 5,4219.077322614767,fleb
108NF00000L0140,Bulon G5 UNF. 5 7/8 5 1/2,4571.049013226122,fleb
108NF00000L0155,Bulon G5 UNF. 5 7/8 6,4531.546345461,fleb
108NF00000L0175,Bulon G5 UNF. 5 7/8 7,4142.935240132507,fleb
108NF00000L0200,Bulon G5 UNF. 5 7/8 8,5885.4562604289995,fleb
108NF00000L0225,Bulon G5 UNF. 5 7/8 9,5236.334580086753,fleb
108NF00000L0250,Bulon G5 UNF. 5 7/8 10,7200.096403397111,fleb
108NF00000M0050,Bulon G5 UNF. 5 1 2,2333.0370812734936,fleb
108NF00000M0056,Bulon G5 UNF. 5 1 2 1/4,3110.801658923962,fleb
108NF00000M0063,Bulon G5 UNF. 5 1 2 1/2,2658.1780926629413,fleb
108NF00000M0070,Bulon G5 UNF. 5 1 2 3/4,3551.8758996789297,fleb
108NF00000M0076,Bulon G5 UNF. 5 1 3,3781.945796664584,fleb
108NF00000M0082,Bulon G5 UNF. 5 1 3 1/4,4011.3740644554573,fleb
108NF00000M0090,Bulon G5 UNF. 5 1 3 1/2,3392.935182000394,fleb
108NF00000M0100,Bulon G5 UNF. 5 1 4,4699.475545201,fleb
108NF00000M0110,Bulon G5 UNF. 5 1 4 1/2,5158.698726036908,fleb
108NF00000M0125,Bulon G5 UNF. 5 1 5,5617.921906872814,fleb
108NF00000M0140,Bulon G5 UNF. 5 1 5 1/2,4861.716070166979,fleb
108NF00000M0155,Bulon G5 UNF. 5 1 6,6070.640570601001,fleb
108NF00000M0175,Bulon G5 UNF. 5 1 7,6929.981037348207,fleb
108NF00000M0200,Bulon G5 UNF. 5 1 8,7783.446690639996,fleb
108NF00000M0225,Bulon G5 UNF. 5 1 9,8636.912343931785,fleb
108NF00000M0250,Bulon G5 UNF. 5 1 10,9490.377997223572,fleb
109MA00000K0010,Bulon G8 MA. 8 5 0.80 10,20.82730208718435,fleb
109MA00000K0012,Bulon G8 MA. 8 5 0.80 12,16.72592567616958,fleb
109MA00000K0015,Bulon G8 MA. 8 5 0.80 15,22.696418941162424,fleb
109MA00000K0020,Bulon G8 MA. 8 5 0.80 20,24.9927625046212,fleb
109MA00000K0025,Bulon G8 MA. 8 5 0.80 25,28.773718883525444,fleb
109MA00000K0030,Bulon G8 MA. 8 5 0.80 30,40.933659102120004,fleb
109MA00000K0035,Bulon G8 MA. 8 5 0.80 35,45.9001695998332,fleb
109MA00000K0040,Bulon G8 MA. 8 5 0.80 40,55.10557010567524,fleb
109MA00000K0045,Bulon G8 MA. 8 5 0.80 45,60.659517328924395,fleb
109MA00000K0050,Bulon G8 MA. 8 5 0.80 50,65.86634285072051,fleb
109MA00000K0060,Bulon G8 MA. 8 5 0.80 60,82.8008496439466,fleb
109MA00000K0070,Bulon G8 MA. 8 5 0.80 70,100.54507172264437,fleb
109MA00000M0010,Bulon G8 MA. 8 6 1.00 10,28.21636502204441,fleb
109MA00000M0012,Bulon G8 MA. 8 6 1.00 12,28.73889030023041,fleb
109MA00000M0015,Bulon G8 MA. 8 6 1.00 15,35.57585031912001,fleb
109MA00000M0020,Bulon G8 MA. 8 6 1.00 20,38.71909813847999,fleb
109MA00000M0025,Bulon G8 MA. 8 6 1.00 25,44.36265672324001,fleb
109MA00000M0030,Bulon G8 MA. 8 6 1.00 30,50.077652758439996,fleb
109MA00000M0035,Bulon G8 MA. 8 6 1.00 35,62.36489423412002,fleb
109MA00000M0040,Bulon G8 MA. 8 6 1.00 40,72.93763689924,fleb
109MA00000M0045,Bulon G8 MA. 8 6 1.00 45,76.4380719708,fleb
109MA00000M0050,Bulon G8 MA. 8 6 1.00 50,77.79538352916,fleb
109MA00000M0055,Bulon G8 MA. 8 6 1.00 55,84.160460363364,fleb
109MA00000M0060,Bulon G8 MA. 8 6 1.00 60,98.36936925588002,fleb
109MA00000M0065,Bulon G8 MA. 8 6 1.00 65,84.272341535746,fleb
109MA00000M0070,Bulon G8 MA. 8 6 1.00 70,126.01566257616,fleb
109MA00000M0075,Bulon G8 MA. 8 6 1.00 75,107.113313189736,fleb
109MA00000M0080,Bulon G8 MA. 8 6 1.00 80,135.80259328644001,fleb
109MA00000M0090,Bulon G8 MA. 8 6 1.00 90,176.04039870464453,fleb
109MA00000M0100,Bulon G8 MA. 8 6 1.00 100,194.48272618798822,fleb
109MA00000M0110,Bulon G8 MA. 8 6 1.00 110,208.92706659452315,fleb
109MA00000M0120,Bulon G8 MA. 8 6 1.00 120,211.58044034027355,fleb
109MA00000M0130,Bulon G8 MA. 8 6 1.00 130,217.6104828899714,fleb
109MA00000O0010,Bulon G8 MA. 8 7 1.00 10,37.51699384086542,fleb
109MA00000O0015,Bulon G8 MA. 8 7 1.00 15,52.657780640928976,fleb
109MA00000O0020,Bulon G8 MA. 8 7 1.00 20,59.62522235423258,fleb
109MA00000O0025,Bulon G8 MA. 8 7 1.00 25,70.21795848585158,fleb
109MA00000O0030,Bulon G8 MA. 8 7 1.00 30,86.36787758196002,fleb
109MA00000O0035,Bulon G8 MA. 8 7 1.00 35,76.36738649352255,fleb
109MA00000O0040,Bulon G8 MA. 8 7 1.00 40,105.30820161309158,fleb
109MA00000O0045,Bulon G8 MA. 8 7 1.00 45,91.51964571842778,fleb
109MA00000O0050,Bulon G8 MA. 8 7 1.00 50,99.39882051537852,fleb
109MA00000O0055,Bulon G8 MA. 8 7 1.00 55,140.58890246592,fleb
109MA00000O0060,Bulon G8 MA. 8 7 1.00 60,116.87317780276636,fleb
109MA00000O0070,Bulon G8 MA. 8 7 1.00 70,152.06554756517878,fleb
109MA00000P0010,Bulon G8 MA. 8 8 1.25 10,45.7088100128925,fleb
109MA00000P0012,Bulon G8 MA. 8 8 1.25 12,47.61334376342968,fleb
109MA00000P0015,Bulon G8 MA. 8 8 1.25 15,67.19834246084854,fleb
109MA00000P0020,Bulon G8 MA. 8 8 1.25 20,72.28057004192112,fleb
109MA00000P0025,Bulon G8 MA. 8 8 1.25 25,84.51050387052001,fleb
109MA00000P0030,Bulon G8 MA. 8 8 1.25 30,99.58380591336,fleb
109MA00000P0035,Bulon G8 MA. 8 8 1.25 35,103.9414903902,fleb
109MA00000P0040,Bulon G8 MA. 8 8 1.25 40,113.72842110048,fleb
109MA00000P0045,Bulon G8 MA. 8 8 1.25 45,124.65835101779997,fleb
109MA00000P0050,Bulon G8 MA. 8 8 1.25 50,135.88883309147568,fleb
109MA00000P0055,Bulon G8 MA. 8 8 1.25 55,157.73389057152,fleb
109MA00000P0060,Bulon G8 MA. 8 8 1.25 60,170.73550655159997,fleb
109MA00000P0065,Bulon G8 MA. 8 8 1.25 65,183.01863651934102,fleb
109MA00000P0070,Bulon G8 MA. 8 8 1.25 70,206.09704451940004,fleb
109MA00000P0075,Bulon G8 MA. 8 8 1.25 75,219.10001262787958,fleb
109MA00000P0080,Bulon G8 MA. 8 8 1.25 80,230.10002786724,fleb
109MA00000P0090,Bulon G8 MA. 8 8 1.25 90,249.38813948603993,fleb
109MA00000P0100,Bulon G8 MA. 8 8 1.25 100,274.46268459048,fleb
109MA00000P0110,Bulon G8 MA. 8 8 1.25 110,346.36019221131363,fleb
109MA00000P0120,Bulon G8 MA. 8 8 1.25 120,374.6344936163189,fleb
109MA00000P0130,Bulon G8 MA. 8 8 1.25 130,413.9814540488088,fleb
109MA00000P0140,Bulon G8 MA. 8 8 1.25 140,354.42622732599784,fleb
109MA00000P0150,Bulon G8 MA. 8 8 1.25 150,472.08411426618557,fleb
109MA00000Q0016,Bulon G8 MA. 8 10 1.50 16,127.37297413452,fleb
109MA00000Q0020,Bulon G8 MA. 8 10 1.50 20,136.65984269171997,fleb
109MA00000Q0025,Bulon G8 MA. 8 10 1.50 25,144.16077498791998,fleb
109MA00000Q0030,Bulon G8 MA. 8 10 1.50 30,159.30551448120002,fleb
109MA00000Q0035,Bulon G8 MA. 8 10 1.50 35,174.45025397448003,fleb
109MA00000Q0040,Bulon G8 MA. 8 10 1.50 40,189.66643091819998,fleb
109MA00000Q0045,Bulon G8 MA. 8 10 1.50 45,219.38441030124,fleb
109MA00000Q0050,Bulon G8 MA. 8 10 1.50 50,232.45746373175996,fleb
109MA00000Q0055,Bulon G8 MA. 8 10 1.50 55,285.17830215648,fleb
109MA00000Q0060,Bulon G8 MA. 8 10 1.50 60,288.03580017408,fleb
109MA00000Q0065,Bulon G8 MA. 8 10 1.50 65,307.07441383164183,fleb
109MA00000Q0070,Bulon G8 MA. 8 10 1.50 70,342.25682505804,fleb
109MA00000Q0075,Bulon G8 MA. 8 10 1.50 75,384.0705935495809,fleb
109MA00000Q0080,Bulon G8 MA. 8 10 1.50 80,360.54481237068,fleb
109MA00000Q0090,Bulon G8 MA. 8 10 1.50 90,398.33522365344,fleb
109MA00000Q0100,Bulon G8 MA. 8 10 1.50 100,440.34044451216005,fleb
109MA00000Q0110,Bulon G8 MA. 8 10 1.50 110,493.70421999084004,fleb
109MA00000Q0120,Bulon G8 MA. 8 10 1.50 120,528.2085085533599,fleb
109MA00000Q0130,Bulon G8 MA. 8 10 1.50 130,590.0733406344,fleb
109MA00000Q0140,Bulon G8 MA. 8 10 1.50 140,630.57837503388,fleb
109MA00000Q0150,Bulon G8 MA. 8 10 1.50 150,686.0138365753198,fleb
109MA00000Q0160,Bulon G8 MA. 8 10 1.50 160,801.0809954970457,fleb
109MA00000Q0170,Bulon G8 MA. 8 10 1.50 170,697.8564026108565,fleb
109MA00000Q0180,Bulon G8 MA. 8 10 1.50 180,917.7712132927683,fleb
109MA00000Q0190,Bulon G8 MA. 8 10 1.50 190,1018.2565598306811,fleb
109MA00000Q0200,Bulon G8 MA. 8 10 1.50 200,1198.4438247064004,fleb
109MA00000R0020,Bulon G8 MA. 8 12 1.75 20,193.8048889968578,fleb
109MA00000R0025,Bulon G8 MA. 8 12 1.75 25,209.45460469008,fleb
109MA00000R0030,Bulon G8 MA. 8 12 1.75 30,245.38764226139995,fleb
109MA00000R0035,Bulon G8 MA. 8 12 1.75 35,253.67438651244,fleb
109MA00000R0040,Bulon G8 MA. 8 12 1.75 40,275.7485586984001,fleb
109MA00000R0045,Bulon G8 MA. 8 12 1.75 45,294.89379541632,fleb
109MA00000R0050,Bulon G8 MA. 8 12 1.75 50,316.11071819700004,fleb
109MA00000R0055,Bulon G8 MA. 8 12 1.75 55,405.69328104875996,fleb
109MA00000R0060,Bulon G8 MA. 8 12 1.75 60,411.47971453440005,fleb
109MA00000R0065,Bulon G8 MA. 8 12 1.75 65,431.7466258472884,fleb
109MA00000R0070,Bulon G8 MA. 8 12 1.75 70,502.1995615971648,fleb
109MA00000R0075,Bulon G8 MA. 8 12 1.75 75,512.563706907,fleb
109MA00000R0080,Bulon G8 MA. 8 12 1.75 80,544.21049745192,fleb
109MA00000R0090,Bulon G8 MA. 8 12 1.75 90,621.4643851067447,fleb
109MA00000R0100,Bulon G8 MA. 8 12 1.75 100,620.29138217052,fleb
109MA00000R0110,Bulon G8 MA. 8 12 1.75 110,709.5881952205201,fleb
109MA00000R0120,Bulon G8 MA. 8 12 1.75 120,724.6614972633599,fleb
109MA00000R0130,Bulon G8 MA. 8 12 1.75 130,801.4567564863601,fleb
109MA00000R0140,Bulon G8 MA. 8 12 1.75 140,858.2495295861601,fleb
109MA00000R0150,Bulon G8 MA. 8 12 1.75 150,1036.1273524327512,fleb
109MA00000R0160,Bulon G8 MA. 8 12 1.75 160,874.6343995708193,fleb
109MA00000R0170,Bulon G8 MA. 8 12 1.75 170,1170.6976817080356,fleb
109MA00000R0180,Bulon G8 MA. 8 12 1.75 180,1617.4112707808383,fleb
109MA00000R0190,Bulon G8 MA. 8 12 1.75 190,1771.450439426633,fleb
109MA00000R0200,Bulon G8 MA. 8 12 1.75 200,1925.489608072427,fleb
109MA00000S0025,Bulon G8 MA. 8 14 2.00 25,367.18849526160005,fleb
109MA00000S0030,Bulon G8 MA. 8 14 2.00 30,376.97542597188,fleb
109MA00000S0035,Bulon G8 MA. 8 14 2.00 35,405.47896869744005,fleb
109MA00000S0040,Bulon G8 MA. 8 14 2.00 40,456.68961941985845,fleb
109MA00000S0045,Bulon G8 MA. 8 14 2.00 45,447.69850190747997,fleb
109MA00000S0050,Bulon G8 MA. 8 14 2.00 50,504.8123025623438,fleb
109MA00000S0055,Bulon G8 MA. 8 14 2.00 55,433.81923422145934,fleb
109MA00000S0060,Bulon G8 MA. 8 14 2.00 60,579.1216561025427,fleb
109MA00000S0065,Bulon G8 MA. 8 14 2.00 65,664.5511689651265,fleb
109MA00000S0070,Bulon G8 MA. 8 14 2.00 70,706.1992025716467,fleb
109MA00000S0075,Bulon G8 MA. 8 14 2.00 75,739.5104857118184,fleb
109MA00000S0080,Bulon G8 MA. 8 14 2.00 80,761.7375340417201,fleb
109MA00000S0090,Bulon G8 MA. 8 14 2.00 90,818.7446194928399,fleb
109MA00000S0100,Bulon G8 MA. 8 14 2.00 100,895.5019275702938,fleb
109MA00000S0110,Bulon G8 MA. 8 14 2.00 110,927.3295441616399,fleb
109MA00000S0120,Bulon G8 MA. 8 14 2.00 120,1006.640623596517,fleb
109MA00000S0130,Bulon G8 MA. 8 14 2.00 130,854.1193169909842,fleb
109MA00000S0140,Bulon G8 MA. 8 14 2.00 140,1140.859373409386,fleb
109MA00000S0150,Bulon G8 MA. 8 14 2.00 150,1236.9394543686,fleb
109MA00000T0025,Bulon G8 MA. 8 16 2.00 25,431.1620582150294,fleb
109MA00000T0030,Bulon G8 MA. 8 16 2.00 30,472.31285294495376,fleb
109MA00000T0035,Bulon G8 MA. 8 16 2.00 35,512.84945670876,fleb
109MA00000T0040,Bulon G8 MA. 8 16 2.00 40,554.0002514386846,fleb
109MA00000T0045,Bulon G8 MA. 8 16 2.00 45,596.3794281008456,fleb
109MA00000T0050,Bulon G8 MA. 8 16 2.00 50,626.36356545792,fleb
109MA00000T0055,Bulon G8 MA. 8 16 2.00 55,699.3379614336002,fleb
109MA00000T0060,Bulon G8 MA. 8 16 2.00 60,748.02154355724,fleb
109MA00000T0065,Bulon G8 MA. 8 16 2.00 65,796.6733512682799,fleb
109MA00000T0070,Bulon G8 MA. 8 16 2.00 70,904.8981847234801,fleb
109MA00000T0075,Bulon G8 MA. 8 16 2.00 75,893.9682548061601,fleb
109MA00000T0080,Bulon G8 MA. 8 16 2.00 80,942.6195884010531,fleb
109MA00000T0090,Bulon G8 MA. 8 16 2.00 90,1039.9222555908393,fleb
109MA00000T0100,Bulon G8 MA. 8 16 2.00 100,1142.2848325356,fleb
109MA00000T0110,Bulon G8 MA. 8 16 2.00 110,1240.5458933988778,fleb
109MA00000T0120,Bulon G8 MA. 8 16 2.00 120,1332.73707540864,fleb
109MA00000T0130,Bulon G8 MA. 8 16 2.00 130,1406.0987492843449,fleb
109MA00000T0140,Bulon G8 MA. 8 16 2.00 140,1496.04308711448,fleb
109MA00000T0150,Bulon G8 MA. 8 16 2.00 150,1593.3467025365599,fleb
109MA00000T0160,Bulon G8 MA. 8 16 2.00 160,1690.65031795864,fleb
109MA00000T0170,Bulon G8 MA. 8 16 2.00 170,1518.4322151853246,fleb
109MA00000T0180,Bulon G8 MA. 8 16 2.00 180,2001.334977497664,fleb
109MA00000T0190,Bulon G8 MA. 8 16 2.00 190,2315.0926546150395,fleb
109MA00000T0200,Bulon G8 MA. 8 16 2.00 200,1942.9734671861197,fleb
109MA00000U0030,Bulon G8 MA. 8 18 2.50 30,740.8777985132401,fleb
109MA00000U0035,Bulon G8 MA. 8 18 2.50 35,797.3256307809155,fleb
109MA00000U0040,Bulon G8 MA. 8 18 2.50 40,683.0187704388726,fleb
109MA00000U0045,Bulon G8 MA. 8 18 2.50 45,622.7631179557441,fleb
109MA00000U0050,Bulon G8 MA. 8 18 2.50 50,831.38904822072,fleb
109MA00000U0055,Bulon G8 MA. 8 18 2.50 55,879.9373138102511,fleb
109MA00000U0060,Bulon G8 MA. 8 18 2.50 60,977.0338449893135,fleb
109MA00000U0065,Bulon G8 MA. 8 18 2.50 65,1150.0915171196832,fleb
109MA00000U0070,Bulon G8 MA. 8 18 2.50 70,1111.6381662968402,fleb
109MA00000U0075,Bulon G8 MA. 8 18 2.50 75,1173.0546395729089,fleb
109MA00000U0080,Bulon G8 MA. 8 18 2.50 80,1234.471112848977,fleb
109MA00000U0090,Bulon G8 MA. 8 18 2.50 90,1351.162412073507,fleb
109MA00000U0100,Bulon G8 MA. 8 18 2.50 100,1473.995358625644,fleb
109MA00000U0110,Bulon G8 MA. 8 18 2.50 110,1596.7698922348802,fleb
109MA00000U0120,Bulon G8 MA. 8 18 2.50 120,1375.6786763869736,fleb
109MA00000U0130,Bulon G8 MA. 8 18 2.50 130,1926.9537881685603,fleb
109MA00000U0140,Bulon G8 MA. 8 18 2.50 140,2057.59472295965,fleb
109MA00000U0150,Bulon G8 MA. 8 18 2.50 150,1750.5885262005906,fleb
109MA00000U0160,Bulon G8 MA. 8 18 2.50 160,1855.1012740334616,fleb
109MA00000U0170,Bulon G8 MA. 8 18 2.50 170,2765.8837736577266,fleb
109MA00000U0180,Bulon G8 MA. 8 18 2.50 180,2959.4956378137676,fleb
109MA00000U0190,Bulon G8 MA. 8 18 2.50 190,2533.3282659685856,fleb
109MA00000U0200,Bulon G8 MA. 8 18 2.50 200,2710.6612445863866,fleb
109MA00000V0030,Bulon G8 MA. 8 20 2.50 30,971.686485888845,fleb
109MA00000V0035,Bulon G8 MA. 8 20 2.50 35,838.5082792934915,fleb
109MA00000V0040,Bulon G8 MA. 8 20 2.50 40,1054.2225695999998,fleb
109MA00000V0045,Bulon G8 MA. 8 20 2.50 45,1081.9652688,fleb
109MA00000V0050,Bulon G8 MA. 8 20 2.50 50,1116.6436428000002,fleb
109MA00000V0060,Bulon G8 MA. 8 20 2.50 60,1192.0052980418398,fleb
109MA00000V0065,Bulon G8 MA. 8 20 2.50 65,1311.804825483231,fleb
109MA00000V0070,Bulon G8 MA. 8 20 2.50 70,1418.6763282879601,fleb
109MA00000V0075,Bulon G8 MA. 8 20 2.50 75,1193.8990399098675,fleb
109MA00000V0080,Bulon G8 MA. 8 20 2.50 80,1550.7641741515204,fleb
109MA00000V0090,Bulon G8 MA. 8 20 2.50 90,1705.64056670544,fleb
109MA00000V0100,Bulon G8 MA. 8 20 2.50 100,1852.3623358844025,fleb
109MA00000V0110,Bulon G8 MA. 8 20 2.50 110,1999.0841050633653,fleb
109MA00000V0120,Bulon G8 MA. 8 20 2.50 120,2134.5510191472,fleb
109MA00000V0130,Bulon G8 MA. 8 20 2.50 130,2219.6898062356922,fleb
109MA00000V0140,Bulon G8 MA. 8 20 2.50 140,2365.6420126731077,fleb
109MA00000V0150,Bulon G8 MA. 8 20 2.50 150,2566.3262965245535,fleb
109MA00000V0160,Bulon G8 MA. 8 20 2.50 160,3236.1426724962635,fleb
109MA00000V0170,Bulon G8 MA. 8 20 2.50 170,2722.124485142271,fleb
109MA00000V0180,Bulon G8 MA. 8 20 2.50 180,3325.1275681802404,fleb
109MA00000V0190,Bulon G8 MA. 8 20 2.50 190,3906.4855398609607,fleb
109MA00000V0200,Bulon G8 MA. 8 20 2.50 200,4373.270699776999,fleb
109MA00000X0050,Bulon G8 MA. 8 24 3.00 50,1370.0756412086544,fleb
109MA00000X0055,Bulon G8 MA. 8 24 3.00 55,1815.08274077952,fleb
109MA00000X0060,Bulon G8 MA. 8 24 3.00 60,2042.3252706291598,fleb
109MA00000X0065,Bulon G8 MA. 8 24 3.00 65,2157.2060671020504,fleb
109MA00000X0070,Bulon G8 MA. 8 24 3.00 70,2288.772684,fleb
109MA00000X0075,Bulon G8 MA. 8 24 3.00 75,2413.6928567415002,fleb
109MA00000X0080,Bulon G8 MA. 8 24 3.00 80,2996.082176541351,fleb
109MA00000X0090,Bulon G8 MA. 8 24 3.00 90,3356.8669412557556,fleb
109MA00000X0100,Bulon G8 MA. 8 24 3.00 100,3639.2202353800717,fleb
109MA00000X0110,Bulon G8 MA. 8 24 3.00 110,3921.5735295043864,fleb
109MA00000X0120,Bulon G8 MA. 8 24 3.00 120,4196.083676569694,fleb
109MA00000X0130,Bulon G8 MA. 8 24 3.00 130,4392.162353044913,fleb
109MA00000X0140,Bulon G8 MA. 8 24 3.00 140,4666.672500110221,fleb
109MA00000X0150,Bulon G8 MA. 8 24 3.00 150,3952.9461177404223,fleb
109MA00000X0160,Bulon G8 MA. 8 24 3.00 160,5372.555735421012,fleb
109MA00000X0170,Bulon G8 MA. 8 24 3.00 170,5789.668556286477,fleb
109MA00000X0180,Bulon G8 MA. 8 24 3.00 180,4863.32158728064,fleb
109MA00000X0190,Bulon G8 MA. 8 24 3.00 190,6368.635411915124,fleb
109MA00000X0200,Bulon G8 MA. 8 24 3.00 200,6658.118839729448,fleb
110MB00000Q0020,Bulon G8 MB. 8 10 1.25 20,187.32982819540402,fleb
110MB00000Q0025,Bulon G8 MB. 8 10 1.25 25,207.51623209577082,fleb
110MB00000Q0030,Bulon G8 MB. 8 10 1.25 30,221.08129835720004,fleb
110MB00000Q0035,Bulon G8 MB. 8 10 1.25 35,249.15032326808003,fleb
110MB00000Q0040,Bulon G8 MB. 8 10 1.25 40,294.59793923880477,fleb
110MB00000Q0045,Bulon G8 MB. 8 10 1.25 45,308.3945369442033,fleb
110MB00000Q0050,Bulon G8 MB. 8 10 1.25 50,327.39650292556007,fleb
110MB00000Q0055,Bulon G8 MB. 8 10 1.25 55,279.12344191025846,fleb
110MB00000Q0060,Bulon G8 MB. 8 10 1.25 60,373.59844251116215,fleb
110MB00000Q0065,Bulon G8 MB. 8 10 1.25 65,412.88630191487994,fleb
110MB00000Q0070,Bulon G8 MB. 8 10 1.25 70,436.84488809949585,fleb
110MB00000Q0075,Bulon G8 MB. 8 10 1.25 75,448.82418119180386,fleb
110MB00000Q0080,Bulon G8 MB. 8 10 1.25 80,497.5399731005227,fleb
110MB00000Q0090,Bulon G8 MB. 8 10 1.25 90,437.64350763898307,fleb
110MB00000Q0100,Bulon G8 MB. 8 10 1.25 100,620.5273821815508,fleb
110MB00000Q0110,Bulon G8 MB. 8 10 1.25 110,536.0334349038055,fleb
110MB00000Q0120,Bulon G8 MB. 8 10 1.25 120,575.0060684307807,fleb
110MB00000Q0130,Bulon G8 MB. 8 10 1.25 130,723.5193076753244,fleb
110MB00000Q0140,Bulon G8 MB. 8 10 1.25 140,620.8985715449744,fleb
110MB00000Q0150,Bulon G8 MB. 8 10 1.25 150,724.3816668024701,fleb
110MB00000R0020,Bulon G8 MB. 8 12 1.25 20,201.6542693399776,fleb
110MB00000R0025,Bulon G8 MB. 8 12 1.25 25,279.5661461304234,fleb
110MB00000R0030,Bulon G8 MB. 8 12 1.25 30,307.06445558587495,fleb
110MB00000R0035,Bulon G8 MB. 8 12 1.25 35,341.28010664492,fleb
110MB00000R0040,Bulon G8 MB. 8 12 1.25 40,369.6509490279601,fleb
110MB00000R0045,Bulon G8 MB. 8 12 1.25 45,418.0019170442756,fleb
110MB00000R0050,Bulon G8 MB. 8 12 1.25 50,453.0953615722465,fleb
110MB00000R0055,Bulon G8 MB. 8 12 1.25 55,511.0524347349199,fleb
110MB00000R0060,Bulon G8 MB. 8 12 1.25 60,546.9730531507929,fleb
110MB00000R0065,Bulon G8 MB. 8 12 1.25 65,573.9135169626976,fleb
110MB00000R0070,Bulon G8 MB. 8 12 1.25 70,594.5804201552,fleb
110MB00000R0075,Bulon G8 MB. 8 12 1.25 75,503.68204802437833,fleb
110MB00000R0080,Bulon G8 MB. 8 12 1.25 80,641.541925897043,fleb
110MB00000R0090,Bulon G8 MB. 8 12 1.25 90,741.4900747290801,fleb
110MB00000R0100,Bulon G8 MB. 8 12 1.25 100,782.1625260855274,fleb
110MB00000R0110,Bulon G8 MB. 8 12 1.25 110,703.6875581798851,fleb
110MB00000R0120,Bulon G8 MB. 8 12 1.25 120,953.4413945534401,fleb
110MB00000R0130,Bulon G8 MB. 8 12 1.25 130,1038.1766498623601,fleb
110MB00000R0140,Bulon G8 MB. 8 12 1.25 140,868.8739961924986,fleb
110MB00000R0150,Bulon G8 MB. 8 12 1.25 150,926.3730106464137,fleb
110MB00000R1020,Bulon G8 MB. 8 12 1.50 20,253.55654245831872,fleb
110MB00000R1025,Bulon G8 MB. 8 12 1.50 25,275.86116955424006,fleb
110MB00000R1030,Bulon G8 MB. 8 12 1.50 30,312.83380989384005,fleb
110MB00000R1035,Bulon G8 MB. 8 12 1.50 35,341.58192411708006,fleb
110MB00000R1040,Bulon G8 MB. 8 12 1.50 40,373.6090068000001,fleb
110MB00000R1045,Bulon G8 MB. 8 12 1.50 45,417.5630076,fleb
110MB00000R1050,Bulon G8 MB. 8 12 1.50 50,449.1798529421201,fleb
110MB00000R1055,Bulon G8 MB. 8 12 1.50 55,385.8726253462508,fleb
110MB00000R1060,Bulon G8 MB. 8 12 1.50 60,501.80817579999996,fleb
110MB00000R1065,Bulon G8 MB. 8 12 1.50 65,534.7736764,fleb
110MB00000R1070,Bulon G8 MB. 8 12 1.50 70,581.7531775884,fleb
110MB00000R1075,Bulon G8 MB. 8 12 1.50 75,614.9100944457698,fleb
110MB00000R1080,Bulon G8 MB. 8 12 1.50 80,648.0670113031397,fleb
110MB00000R1090,Bulon G8 MB. 8 12 1.50 90,706.9268462000001,fleb
110MB00000R1100,Bulon G8 MB. 8 12 1.50 100,807.4371923960402,fleb
110MB00000R1110,Bulon G8 MB. 8 12 1.50 110,895.3758965183811,fleb
110MB00000R1120,Bulon G8 MB. 8 12 1.50 120,943.5458838400002,fleb
110MB00000R1130,Bulon G8 MB. 8 12 1.50 130,1018.2676852000001,fleb
110MB00000R1140,Bulon G8 MB. 8 12 1.50 140,1118.00737124868,fleb
110MB00000R1150,Bulon G8 MB. 8 12 1.50 150,1222.81348845624,fleb
110MB00000S0020,Bulon G8 MB. 8 14 1.50 20,335.2225127680001,fleb
110MB00000S0025,Bulon G8 MB. 8 14 1.50 25,363.3812038405121,fleb
110MB00000S0030,Bulon G8 MB. 8 14 1.50 30,496.96737517856,fleb
110MB00000S0035,Bulon G8 MB. 8 14 1.50 35,506.932626239936,fleb
110MB00000S0040,Bulon G8 MB. 8 14 1.50 40,519.4279938823462,fleb
110MB00000S0045,Bulon G8 MB. 8 14 1.50 45,557.6774779679386,fleb
110MB00000S0050,Bulon G8 MB. 8 14 1.50 50,646.4162810465132,fleb
110MB00000S0055,Bulon G8 MB. 8 14 1.50 55,689.2557032223767,fleb
110MB00000S0060,Bulon G8 MB. 8 14 1.50 60,732.0951253982406,fleb
110MB00000S0065,Bulon G8 MB. 8 14 1.50 65,618.1116628231748,fleb
110MB00000S0070,Bulon G8 MB. 8 14 1.50 70,818.5389594316796,fleb
110MB00000S0075,Bulon G8 MB. 8 14 1.50 75,860.6133919258313,fleb
110MB00000S0080,Bulon G8 MB. 8 14 1.50 80,902.6878244199829,fleb
110MB00000S0090,Bulon G8 MB. 8 14 1.50 90,972.15407782736,fleb
110MB00000S0100,Bulon G8 MB. 8 14 1.50 100,1086.9201716162002,fleb
110MB00000S0110,Bulon G8 MB. 8 14 1.50 110,1180.0847577547318,fleb
110MB00000S0120,Bulon G8 MB. 8 14 1.50 120,1281.0130594048073,fleb
110MB00000S0130,Bulon G8 MB. 8 14 1.50 130,1316.2259960897602,fleb
110MB00000S0140,Bulon G8 MB. 8 14 1.50 140,1125.1851943715894,fleb
110MB00000S0150,Bulon G8 MB. 8 14 1.50 150,1504.25828124544,fleb
110MB00000T0025,Bulon G8 MB. 8 16 1.50 25,519.0698815129663,fleb
110MB00000T0030,Bulon G8 MB. 8 16 1.50 30,569.887911870879,fleb
110MB00000T0035,Bulon G8 MB. 8 16 1.50 35,619.2539985042799,fleb
110MB00000T0040,Bulon G8 MB. 8 16 1.50 40,654.826619754819,fleb
110MB00000T0045,Bulon G8 MB. 8 16 1.50 45,761.1836647875201,fleb
110MB00000T0050,Bulon G8 MB. 8 16 1.50 50,804.9478179991228,fleb
110MB00000T0055,Bulon G8 MB. 8 16 1.50 55,898.7281463097002,fleb
110MB00000T0060,Bulon G8 MB. 8 16 1.50 60,961.2483651834185,fleb
110MB00000T0070,Bulon G8 MB. 8 16 1.50 70,1086.288802930855,fleb
110MB00000T0075,Bulon G8 MB. 8 16 1.50 75,1148.809021804573,fleb
110MB00000T0080,Bulon G8 MB. 8 16 1.50 80,1211.3292406782916,fleb
110MB00000T0090,Bulon G8 MB. 8 16 1.50 90,1141.7527349656707,fleb
110MB00000T0100,Bulon G8 MB. 8 16 1.50 100,1228.5526504893767,fleb
110MB00000T0110,Bulon G8 MB. 8 16 1.50 110,1275.291066540603,fleb
110MB00000T0120,Bulon G8 MB. 8 16 1.50 120,1315.3525660130824,fleb
110MB00000T0130,Bulon G8 MB. 8 16 1.50 130,1491.3803667254926,fleb
110MB00000T0140,Bulon G8 MB. 8 16 1.50 140,1988.5071556339906,fleb
110MB00000T0150,Bulon G8 MB. 8 16 1.50 150,1683.1292710187706,fleb
110MB00000U0025,Bulon G8 MB. 8 18 1.50 25,784.7254276159999,fleb
110MB00000U0030,Bulon G8 MB. 8 18 1.50 30,678.0027694602239,fleb
110MB00000U0035,Bulon G8 MB. 8 18 1.50 35,918.1287503107201,fleb
110MB00000U0040,Bulon G8 MB. 8 18 1.50 40,784.725427616,fleb
110MB00000U0045,Bulon G8 MB. 8 18 1.50 45,1051.5320730054402,fleb
110MB00000U0050,Bulon G8 MB. 8 18 1.50 50,1075.0738358339204,fleb
110MB00000U0060,Bulon G8 MB. 8 18 1.50 60,1326.1859726710402,fleb
110MB00000U0070,Bulon G8 MB. 8 18 1.50 70,1483.13105819424,fleb
110MB00000U0080,Bulon G8 MB. 8 18 1.50 80,1640.0761437174403,fleb
110MB00000U0090,Bulon G8 MB. 8 18 1.50 90,1535.3191084774405,fleb
110MB00000U0100,Bulon G8 MB. 8 18 1.50 100,1582.2502602649606,fleb
110MB00000U0110,Bulon G8 MB. 8 18 1.50 110,1912.4664123418404,fleb
110MB00000U0120,Bulon G8 MB. 8 18 1.50 120,1548.406541076768,fleb
110MB00000U0130,Bulon G8 MB. 8 18 1.50 130,1652.8625378954384,fleb
110MB00000U0140,Bulon G8 MB. 8 18 1.50 140,1751.1740643130108,fleb
110MB00000U0150,Bulon G8 MB. 8 18 1.50 150,2311.8569884132294,fleb
110MB00000V0030,Bulon G8 MB. 8 20 1.50 30,1084.1986864,fleb
110MB00000V0040,Bulon G8 MB. 8 20 1.50 40,1156.6805698598866,fleb
110MB00000V0045,Bulon G8 MB. 8 20 1.50 45,1227.6425680108,fleb
110MB00000V0050,Bulon G8 MB. 8 20 1.50 50,1312.7969657918961,fleb
110MB00000V0060,Bulon G8 MB. 8 20 1.50 60,1129.7150105625399,fleb
110MB00000V0065,Bulon G8 MB. 8 20 1.50 65,1617.9335578408236,fleb
110MB00000V0070,Bulon G8 MB. 8 20 1.50 70,1703.0879556219193,fleb
110MB00000V0080,Bulon G8 MB. 8 20 1.50 80,1504.394360799362,fleb
110MB00000V0090,Bulon G8 MB. 8 20 1.50 90,1710.2530505808472,fleb
110MB00000V0100,Bulon G8 MB. 8 20 1.50 100,1851.7912340771932,fleb
110MB00000V0110,Bulon G8 MB. 8 20 1.50 110,2351.597944548665,fleb
110MB00000V0120,Bulon G8 MB. 8 20 1.50 120,2067.5708245710375,fleb
110MB00000V0130,Bulon G8 MB. 8 20 1.50 130,3004.5174809847604,fleb
110MB00000V0140,Bulon G8 MB. 8 20 1.50 140,2929.1385673128007,fleb
110MB00000V0150,Bulon G8 MB. 8 20 1.50 150,3090.0802468354814,fleb
112MA00000K0000,Tca autofrenante MA 5 0.80,13.70809010844,fleb
112MA00000M0000,Tca autofrenante MA 6 1.00,15.201050417280003,fleb
112MA00000O0000,Tca autofrenante MA 7 1.00,27.823351210200002,fleb
112MA00000P0000,Tca autofrenante MA 8 1.25,31.962922975620003,fleb
112MA00000Q0000,Tca autofrenante MA 10 1.50,72.06926581764,fleb
112MA00000R0000,Tca autofrenante MA 12 1.75,106.67880024984001,fleb
112MA00000S0000,Tca autofrenante MA 14 2.00,161.25865154045582,fleb
112MA00000T0000,Tca autofrenante MA 16 2.00,224.14763182266003,fleb
112MA00000U0000,Tca autofrenante MA 18 2.50,237.33278663575769,fleb
112MA00000V0000,Tca autofrenante MA 20 2.50,428.5175314256735,fleb
112MA00000W0000,Tca autofrenante MA 22 2.50,464.50453653481617,fleb
112MA00000X0000,Tca autofrenante MA 24 3.00,619.3393820464215,fleb
112MA00000Y0000,Tca autofrenante MA 27 3.00,1330.6119536153592,fleb
112MA00000Z0000,Tca autofrenante MA 30 3.00,1461.253854515776,fleb
112NC00000H0000,Tca autofrenante MA 1/2 12,133.07705298342,fleb
112MB00000Q0000,Tca autofrenante MB 10 1.25,78.38041621410001,fleb
112MB00000R0000,Tca autofrenante MB 12 1.25,109.5968590353,fleb
112MB00000R1000,Tca autofrenante MB 12 1.50,118.59349320000001,fleb
112MB00000S0000,Tca autofrenante MB 14 1.50,162.05405534136,fleb
112MB00000T0000,Tca autofrenante MB 16 1.50,219.1937180706,fleb
112MB00000U0000,Tca autofrenante MB 18 1.50,303.2961205923408,fleb
112MB00000V0000,Tca autofrenante MB 20 1.50,438.094396411159,fleb
112MB00000W0000,Tca autofrenante MB 22 1.50,547.91643334428,fleb
112MB00000X0000,Tca autofrenante MB 24 2.00,889.3293112431,fleb
112NC00000C0000,Tca autofrenante UNC 3/16 24,24.70697775,fleb
112NC00000D0000,Tca autofrenante UNC 1/4 20,27.34831838466,fleb
112NC00000E0000,Tca autofrenante UNC 5/16 18,35.356014586620006,fleb
112NC00000F0000,Tca autofrenante UNC 3/8 16,56.189597078160006,fleb
112NC00000G0000,Tca autofrenante UNC 7/16 14,72.12601091939854,fleb
112NC00000H1000,Tca autofrenante UNC 1/2 13,131.31264534570002,fleb
112NC00000I0000,Tca autofrenante UNC 9/16 12,217.17349947087092,fleb
112NC00000J0000,Tca autofrenante UNC 5/8 11,281.08370905524004,fleb
112NC00000K0000,Tca autofrenante UNC 3/4 10,384.64086502296004,fleb
112NC00000L0000,Tca autofrenante UNC 7/8 9,614.4281669792691,fleb
112NC00000M0000,Tca autofrenante UNC 1 8,873.1347636021189,fleb
112NF00000C0000,Tca autofrenante UNF 3/16,24.70697775,fleb
112NF00000D0000,Tca autofrenante UNF 1/4 28,26.354109600000005,fleb
112NF00000E0000,Tca autofrenante UNF 5/16 24,36.3060802377,fleb
112NF00000F0000,Tca autofrenante UNF 3/8 24,54.492428687043315,fleb
112NF00000G0000,Tca autofrenante UNF 7/16 20,66.77604290448,fleb
112NF00000H0000,Tca autofrenante UNF 1/2 20,129.37858312743,fleb
112NF00000I0000,Tca autofrenante UNF 9/16 18,219.05799440616002,fleb
112NF00000J0000,Tca autofrenante UNF 5/8 18,281.49088004856,fleb
112NF00000K0000,Tca autofrenante UNF 3/4 16,403.1964860112,fleb
112NF00000L0000,Tca autofrenante UNF 7/8 14,676.6503290656199,fleb
112NF00000M0000,Tca autofrenante UNF 1 14,1002.2514000571801,fleb
114NCD0000C0000,Tca Hexagonal NC - Dicro 3/16 24,9.307281715200002,fleb
114NCD0000D0000,Tca Hexagonal NC - Dicro 1/4 20,17.742005769600002,fleb
114NCD0000E0000,Tca Hexagonal NC - Dicro 5/16 18,25.595024716799998,fleb
114NCD0000F0000,Tca Hexagonal NC - Dicro 3/8 16,38.2471107984,fleb
114NCD0000G0000,Tca Hexagonal NC - Dicro 7/16 14,65.85246349586778,fleb
114NCD0000H0000,Tca Hexagonal NC - Dicro 1/2 12,93.3636697056,fleb
114NCD0000H1000,Tca Hexagonal NC - Dicro 1/2 13,93.3636697056,fleb
114NCD0000I0000,Tca Hexagonal NC - Dicro 9/16 12,141.44513629120004,fleb
114NCD0000J0000,Tca Hexagonal NC - Dicro 5/8 11,174.07525332959997,fleb
114NCD0000K0000,Tca Hexagonal NC - Dicro 3/4 10,292.7430951984,fleb
114NCD0000L0000,Tca Hexagonal NC - Dicro 7/8 9,481.72454190000013,fleb
114NCD0000M0000,Tca Hexagonal NC - Dicro 1 8,711.1344935520001,fleb
114NCD0000O0000,Tca Hexagonal NC - Dicro 1 1/4 7,1628.410734468,fleb
114NCD0000Q0000,Tca Hexagonal NC - Dicro 1 1/2 6,2844.901539900001,fleb
114NCG0000B0000,Tca Hexagonal NC - Galva 5/32 32,12.354173999999999,fleb
114NCG0000C0000,Tca Hexagonal NC - Galva 3/16 24,17.648820000000004,fleb
114NCG0000D0000,Tca Hexagonal NC - Galva 1/4 20,18.832702845600004,fleb
114NCG0000E0000,Tca Hexagonal NC - Galva 5/16 18,25.449598440000003,fleb
114NCG0000F0000,Tca Hexagonal NC - Galva 3/8 16,37.66540569120001,fleb
114NCG0000G0000,Tca Hexagonal NC - Galva 7/16 14,64.8601194528,fleb
114NCG0000H0000,Tca Hexagonal NC - Galva 1/2 12,93.3636697056,fleb
114NCG0000H1000,Tca Hexagonal NC - Galva 1/2 13,93.3636697056,fleb
114NCG0000I0000,Tca Hexagonal NC - Galva 9/16 12,138.30038923680002,fleb
114NCG0000J0000,Tca Hexagonal NC - Galva 5/8 11,171.60300662400002,fleb
114NCG0000K0000,Tca Hexagonal NC - Galva 3/4 10,288.5984463096,fleb
114NCG0000L0000,Tca Hexagonal NC - Galva 7/8 9,488.3414374944,fleb
114NCG0000M0000,Tca Hexagonal NC - Galva 1 8,711.1344935520001,fleb
114NCG0000N0000,Tca Hexagonal NC - Galva 1 1/8,1050.7048498800002,fleb
114NCG0000O0000,Tca Hexagonal NC - Galva 1 1/4,1571.4763471008005,fleb
114NCG0000Q0000,Tca Hexagonal NC - Galva 1 1/2,2764.4080956912007,fleb
114NCG0000R0000,Tca Hexagonal NC - Galva 1 3/4,5222.848659771345,fleb
114NCG0000S0000,Tca Hexagonal NC - Galva 2,7293.3459209351995,fleb
114NCP0000C0000,Tca Hexagonal NC - Pulido 3/16 24,14.909723136000004,fleb
114NCP0000D0000,Tca Hexagonal NC - Pulido 1/4 20,20.359678752,fleb
114NCP0000E0000,Tca Hexagonal NC - Pulido 5/16 18,23.8499093952,fleb
114NCP0000F0000,Tca Hexagonal NC - Pulido 3/8 16,34.97501957040001,fleb
114NCP0000G0000,Tca Hexagonal NC - Pulido 7/16 14,48.17495808595043,fleb
114NCP0000H0000,Tca Hexagonal NC - Pulido 1/2 12,86.60134783440002,fleb
114NCP0000H1000,Tca Hexagonal NC - Pulido 1/2 13,86.60134783440002,fleb
114NCP0000I0000,Tca Hexagonal NC - Pulido 9/16 12,131.2002782888,fleb
114NCP0000J0000,Tca Hexagonal NC - Pulido 5/8 11,162.1038750762667,fleb
114NCP0000K0000,Tca Hexagonal NC - Pulido 3/4 10,272.63387281200005,fleb
114NCP0000L0000,Tca Hexagonal NC - Pulido 7/8 9,351.0078380420268,fleb
114NCP0000M0000,Tca Hexagonal NC - Pulido 1 8,647.7536440312,fleb
114NCP0000N0000,Tca Hexagonal NC - Pulido 1 1/8,774.9592868209234,fleb
114NCP0000O0000,Tca Hexagonal NC - Pulido 1 1/4,1529.6662925208004,fleb
114NCP0000Q0000,Tca Hexagonal NC - Pulido 1 1/2,2599.3492715232005,fleb
114NFD0000D0000,Tca Hexagonal NF 1/4 28,20.068826198400004,fleb
114NFD0000E0000,Tca Hexagonal NF 5/16 24,30.16480011415952,fleb
114NFD0000F0000,Tca Hexagonal NF 3/8 24,44.6931528222037,fleb
114NFD0000G0000,Tca Hexagonal NF 7/16 20,68.64120264960002,fleb
114NFD0000H0000,Tca Hexagonal NF 1/2 20,93.3636697056,fleb
114NFD0000I0000,Tca Hexagonal NF 9/16 18,144.0447271704,fleb
114NFD0000J0000,Tca Hexagonal NF 5/8 18,183.60067446000002,fleb
114NFD0000K0000,Tca Hexagonal NF 3/4 16,308.8126987848,fleb
114NFD0000L0000,Tca Hexagonal NF 7/8 14,514.3000279032001,fleb
114NFD0000M0000,Tca Hexagonal NF 1 14,798.6083990472001,fleb
115MAD0000D0000,Tca Hexagonal MA 3 0.50,4.362788304,fleb
115MAD0000G0000,Tca Hexagonal MA 4 0.70,6.527981625688074,fleb
115MAD0000K0000,Tca Hexagonal MA 5 0.80,9.250356444770642,fleb
115MAD0000M0000,Tca Hexagonal MA 6 1.00,11.28340181724771,fleb
115MAD0000O0000,Tca Hexagonal MA 7 1.00,15.857753905321108,fleb
115MAD0000P0000,Tca Hexagonal MA 8 1.25,23.8499093952,fleb
115MAD0000Q0000,Tca Hexagonal MA 10 1.50,52.77426759788936,fleb
115MAD0000R0000,Tca Hexagonal MA 12 1.75,78.38476319520001,fleb
115MAD0000S0000,Tca Hexagonal MA 14 2.00,124.55760607920001,fleb
115MAD0000T0000,Tca Hexagonal MA 16 2.00,169.951933628064,fleb
115MAD0000U0000,Tca Hexagonal MA 18 2.50,237.9901019832,fleb
115MAD0000V0000,Tca Hexagonal MA 20 2.50,318.04131810482187,fleb
115MAD0000W0000,Tca Hexagonal MA 22 2.50,411.84721589760005,fleb
115MAD0000X0000,Tca Hexagonal MA 24 3.00,533.2054438872,fleb
115MAD0000Y0000,Tca Hexagonal MA 27 3.00,937.9267722216002,fleb
115MAD0000Z0000,Tca Hexagonal MA 30 3.50,1411.9056,fleb
115MBD0000Q0000,Tca Hexagonal MB 10 1.25,56.570821675200015,fleb
115MBD0000R0000,Tca Hexagonal MB 12 1.25,84.05638799040001,fleb
115MBD0000R1000,Tca Hexagonal MB 12 1.50,84.05638799040001,fleb
115MBD0000S0000,Tca Hexagonal MB 14 1.50,123.97590097200005,fleb
115MBD0000T0000,Tca Hexagonal MB 16 1.50,177.27463141920006,fleb
115MBD0000U0000,Tca Hexagonal MB 18 1.50,268.0933412808,fleb
115MBD0000V0000,Tca Hexagonal MB 20 1.50,358.2701924388873,fleb
115MBD0000W0000,Tca Hexagonal MB 22 1.50,436.78782236880005,fleb
115MBD0000X0000,Tca Hexagonal MB 24 2.00,512.6968171394462,fleb
1200000000C0025,TIRAFONDO 3/16 1,24.7389468511536,fleb
1200000000C0032,TIRAFONDO 3/16 1 1/4,29.404005400228275,fleb
1200000000C0038,TIRAFONDO 3/16 1 1/2,34.410263183899204,fleb
1200000000C0044,TIRAFONDO 3/16 1 3/4,37.143461277936,fleb
1200000000C0050,TIRAFONDO 3/16 2,40.92788940814081,fleb
1200000000C0056,TIRAFONDO 3/16 2 1/4,45.50626347752605,fleb
1200000000C0063,TIRAFONDO 3/16 2 1/2,50.52912373847521,fleb
1200000000C0070,TIRAFONDO 3/16 2 3/4,55.15453589761441,fleb
1200000000C0076,TIRAFONDO 3/16 3,58.448390010940805,fleb
1200000000D0025,TIRAFONDO 1/4 1,33.85342981928659,fleb
1200000000D0032,TIRAFONDO 1/4 1 1/4,40.22706938402881,fleb
1200000000D0038,TIRAFONDO 1/4 1 1/2,45.343055560046395,fleb
1200000000D0044,TIRAFONDO 1/4 1 3/4,51.6504357770544,fleb
1200000000D0050,TIRAFONDO 1/4 2,56.55617594583841,fleb
1200000000D0056,TIRAFONDO 1/4 2 1/4,62.51314615079042,fleb
1200000000D0063,TIRAFONDO 1/4 2 1/2,68.5401983581536,fleb
1200000000D0070,TIRAFONDO 1/4 2 3/4,74.56725056551682,fleb
1200000000D0076,TIRAFONDO 1/4 3,80.52422077046882,fleb
1200000000D0082,TIRAFONDO 1/4 3 1/4,86.83160098747682,fleb
1200000000D0090,TIRAFONDO 1/4 3 1/2,92.57832518519521,fleb
1200000000D0100,TIRAFONDO 1/4 4,105.05292161438884,fleb
1200000000D0110,TIRAFONDO 1/4 4 1/2,117.45743604117122,fleb
1200000000D0125,TIRAFONDO 1/4 5,129.09104844143042,fleb
1200000000D0140,TIRAFONDO 1/4 5 1/2,107.94857751558986,fleb
1200000000D0155,TIRAFONDO 1/4 6,156.2127833745648,fleb
1200000000E0025,TIRAFONDO 5/16 1,59.70986605434239,fleb
1200000000E0032,TIRAFONDO 5/16 1 1/4,54.06013846849553,fleb
1200000000E0038,TIRAFONDO 5/16 1 1/2,75.32970114462493,fleb
1200000000E0044,TIRAFONDO 5/16 1 3/4,66.55600654072157,fleb
1200000000E0050,TIRAFONDO 5/16 2,90.40578311044801,fleb
1200000000E0056,TIRAFONDO 5/16 2 1/4,100.4275094552496,fleb
1200000000E0063,TIRAFONDO 5/16 2 1/2,110.51931780246241,fleb
1200000000E0070,TIRAFONDO 5/16 2 3/4,119.62997811591842,fleb
1200000000E0076,TIRAFONDO 5/16 3,127.47916238597283,fleb
1200000000E0082,TIRAFONDO 5/16 3 1/4,137.01031471389604,fleb
1200000000E0090,TIRAFONDO 5/16 3 1/2,141.87765015724682,fleb
1200000000E0100,TIRAFONDO 5/16 4,161.11852354334883,fleb
1200000000E0110,TIRAFONDO 5/16 4 1/2,180.7414842184848,fleb
1200000000E0125,TIRAFONDO 5/16 5,201.1353469201441,fleb
1200000000E0140,TIRAFONDO 5/16 5 1/2,217.955027498832,fleb
1200000000E0155,TIRAFONDO 5/16 6,236.80708614744478,fleb
1200000000F0038,TIRAFONDO 3/8 1 1/2,107.85620171083681,fleb
1200000000F0044,TIRAFONDO 3/8 1 3/4,124.46563628229123,fleb
1200000000F0050,TIRAFONDO 3/8 2,134.13695261503682,fleb
1200000000F0056,TIRAFONDO 3/8 2 1/4,145.06974499118402,fleb
1200000000F0063,TIRAFONDO 3/8 2 1/2,158.87589946619042,fleb
1200000000F0070,TIRAFONDO 3/8 2 3/4,181.44693115668622,fleb
1200000000F0076,TIRAFONDO 3/8 3,185.36689637762404,fleb
1200000000F0082,TIRAFONDO 3/8 3 1/4,197.35091878993921,fleb
1200000000F0090,TIRAFONDO 3/8 3 1/2,206.67182511062884,fleb
1200000000F0100,TIRAFONDO 3/8 4,236.7370041450336,fleb
1200000000F0110,TIRAFONDO 3/8 4 1/2,263.7886570757568,fleb
1200000000F0125,TIRAFONDO 3/8 5,293.8538361101617,fleb
1200000000F0140,TIRAFONDO 3/8 5 1/2,319.50384899266083,fleb
1200000000F0155,TIRAFONDO 3/8 6,346.27517391373925,fleb
122CHG0000C0000,Arandela Chapista 3/16,6193.3330950750005,fleb
122CHG0000D0000,Arandela Chapista 1/4,5974.2762975,fleb
122CHG0000E0000,Arandela Chapista 5/16,5987.552467049999,fleb
122CHG0000F0000,Arandela Chapista 3/8,5987.552467049999,fleb
122CHG0000G0000,Arandela Chapista 7/16,5781.771839024999,fleb
122CHG0000H0000,Arandela Chapista 1/2,5781.771839024999,fleb
122G000000A0000,Arandela Plana 1/8,7288.617082950001,fleb
122G000000B0000,Arandela Plana 5/32,6425.666062200001,fleb
122G000000C0000,Arandela Plana 3/16,6326.094790575,fleb
122G000000D0000,Arandela Plana 1/4,6133.5903321,fleb
122G000000E0000,Arandela Plana 5/16,6034.019060475,fleb
122G000000F0000,Arandela Plana 3/8,5781.771839024999,fleb
122G000000G0000,Arandela Plana 7/16,5781.771839024999,fleb
122G000000H0000,Arandela Plana 1/2,6034.019060475,fleb
122G000000I0000,Arandela Plana 9/16,5781.771839024999,fleb
122G000000J0000,Arandela Plana 5/8,5781.771839024999,fleb
122G000000K0000,Arandela Plana 3/4,6034.019060475,fleb
122G000000L0000,Arandela Plana 7/8,5781.771839024999,fleb
122G000000M0000,Arandela Plana 1,5781.771839024999,fleb
122G000000N0000,Arandela Plana 1 1/8,6034.019060475,fleb
122G000000O0000,Arandela Plana 1 1/4,6034.019060475,fleb
122G000000Q0000,Arandela Plana 1 1/2,5781.771839024999,fleb
122G000000S0000,Arandela Plana 1 3/4,5781.771839024999,fleb
122G000000T0000,Arandela Plana 2,5781.771839024999,fleb
124MA00000K0000,Arandela Grower 5,3.15820615408704,fleb
124MA00000M0000,Arandela Grower 6,6.277085986332,fleb
124MA00000O0000,Arandela Grower 7,5.6266891250976,fleb
124MA00000P0000,Arandela Grower 8,11.6163904518144,fleb
124MA00000Q0000,Arandela Grower 10,18.36841740193152,fleb
124MA00000R0000,Arandela Grower 12,27.66152976338304,fleb
124MA00000S0000,Arandela Grower 14,43.56146419430399,fleb
124MA00000T0000,Arandela Grower 16,59.29804313449632,fleb
124MA00000V0000,Arandela Grower 20,101.29250465847744,fleb
124MA00000X0000,Arandela Grower 24,144.49821689519464,fleb
124P000000A0000,Arandela Grower 1/8,2.6822568230752,fleb
124P000000B0000,Arandela Grower 5/32,2.873846596152,fleb
124P000000C0000,Arandela Grower 3/16,4.640064816703751,fleb
124P000000D0000,Arandela Grower 1/4,9.1843347468691,fleb
124P000000E0000,Arandela Grower 5/16,13.263999477323212,fleb
124P000000F0000,Arandela Grower 3/8,18.279894573800004,fleb
124P000000G0000,Arandela Grower 7/16,24.951388943799998,fleb
124P000000H0000,Arandela Grower 1/2,33.824476455900005,fleb
124P000000I0000,Arandela Grower 9/16,55.1732584399,fleb
124P000000J0000,Arandela Grower 5/8,76.3218955928,fleb
124P000000K0000,Arandela Grower 3/4,119.6198940541,fleb
124P000000L0000,Arandela Grower 7/8,181.26450203290003,fleb
124P000000M0000,Arandela Grower 1,239.6400777704,fleb
124P000000O0000,Arandela Grower 1 1/4,402.59790728087864,fleb
124P000000P0000,Arandela Grower 1 1/2,588.4258034340002,fleb
200GALMA00J0000,Varilla roscada Metrica 4,875.9698239999999,fleb
200GALMA00K0000,Varilla roscada Metrica 5,821.2217099999999,fleb
200GALMA00M0000,Varilla roscada Metrica 6,878.212443619725,fleb
200GALMA00O0000,Varilla roscada Metrica 7,1216.8344498093825,fleb
200GALMA00P0000,Varilla roscada Metrica 8,1425.3418269872748,fleb
200GALMA00Q0000,Varilla roscada Metrica 10,2176.3935636249003,fleb
200GALMA00R0000,Varilla roscada Metrica 12,3156.8138925683756,fleb
200GALMA00S0000,Varilla roscada Metrica 14,4308.7320042654255,fleb
200GALMA00T0000,Varilla roscada Metrica 16,5781.58287587905,fleb
200GALMA00U0000,Varilla roscada Metrica 18,7328.305377712875,fleb
200GALMA00V0000,Varilla roscada Metrica 20,9057.239868210076,fleb
200GALMA00W0000,Varilla roscada Metrica 22,11652.262832481698,fleb
200GALMA00X0000,Varilla roscada Metrica 24,13651.801510398125,fleb
200GALMA00Y0000,Varilla roscada Metrica 27,17953.555183182827,fleb
200GALMA00Z0000,Varilla roscada Metrica 30,23165.87765571977,fleb
200GALPU00A0000,Varilla roscada Pulgada 1/8,434.36020604474476,fleb
200GALPU00B0000,Varilla roscada Pulgada 5/32,723.4908516985998,fleb
200GALPU00C0000,Varilla roscada Pulgada 3/16,849.3153476461828,fleb
200GALPU00D0000,Varilla roscada Pulgada 1/4,957.2297122045001,fleb
200GALPU00E0000,Varilla roscada Pulgada 5/16,1366.131741696275,fleb
200GALPU00F0000,Varilla roscada Pulgada 3/8,1916.9265112961248,fleb
200GALPU00G0000,Varilla roscada Pulgada 7/16,2651.1315689045255,fleb
200GALPU00H0000,Varilla roscada Pulgada 1/2,3403.02916390345,fleb
200GALPU00I0000,Varilla roscada Pulgada 9/16,4445.056176828275,fleb
200GALPU00J0000,Varilla roscada Pulgada 5/8,5517.816043547,fleb
200GALPU00K0000,Varilla roscada Pulgada 3/4,8089.7893674732,fleb
200GALPU00L0000,Varilla roscada Pulgada 7/8,11180.996059520612,fleb
200GALPU00M0000,Varilla roscada Pulgada 1,15210.859446667577,fleb
200GALPU00N0000,Varilla roscada Pulgada 1 1/8,20388.93102619892,fleb
200GALPU00O0000,Varilla roscada Pulgada 1 1/4,24665.088839114447,fleb
200GALPU00Q0000,Varilla roscada Pulgada 1 1/2,37869.85420556553,fleb
200GALPU00T0000,Varilla roscada Pulgada 2,86369.842924974,fleb
305ELE000000020,Electrodos 2.0 MM 300MM,7281.347840000002,fleb
305ELE000000025,Electrodos 2.5 MM 350MM,5756.458240000002,fleb
305ELE000000032,Electrodos 3.2 MM 350MM,5451.480320000001,fleb
305ELE000000040,Electrodos 4.0 MM 400MM,5451.480320000001,fleb
